Timestamp,"Dear participant,

The purpose of this study is to examine how implementing Agile Methodology influences flexibility, stakeholder collaboration, and adaptive capabilities in Business Intelligence (BI) projects.

Your participation is voluntary, and your responses will remain anonymous and confidential. The collected data will be used solely for academic and research purposes.

The survey will take approximately 8–10 minutes to complete.By proceeding, you confirm that you have read and understood the purpose of this study and that you voluntarily agree to participate.",please rate the following statements using this scale: ,Q2: What is the size of your organization?,Q1: Gender,  Q3 Age  ,  Q4 Educational Level  ,Q5 How many years of experience do you have working on Agile and Business Intelligence (BI) projects?,Q6: Power BI reports provide a clear view of overall performance.  ,Q7: Dashboards in Power BI accelerate decision-making.  ,Q8: Power BI enhances the accuracy of managerial decisions.  ,Q9: Power BI helps identify operational strengths and weaknesses.  ,Q10: Power BI significantly reduces the time needed to prepare reports.  ,Q11: Interactive visuals in Power BI improve understanding of market trends  ,Q12: Power BI tools improve coordination across departments.  ,Q13: Power BI supports accurate forecasting of future sales and demand.  ,Q14: SPSS provides accurate analytical results for operational data.  ,Q15: Statistical analysis helps identify key performance indicators clearly.  ,Q16: SPSS findings contribute to strategic planning and forecasting.  ,Q17: Using SPSS increases the efficiency of internal business processes.  ,Q18: Statistical results support evidence-based decision-making.  ,Q19: SPSS helps detect relationships between performance and market factors.  ,Q20: SPSS improves the ability to assess the effectiveness of management policies.,Q21: The organization adopts Agile methodologies in BI projects.  ,Q22: Regular meetings accelerate the completion of BI-related tasks.  ,Q23: Objectives and processes are quickly adjusted when new changes arise  ,Q24: Agile BI promotes continuous collaboration among teams.  ,Q25: Agile approaches reduce errors during BI report development.  ,Q26: Agile BI enhances the quality of decision-making under changing conditions.,Q26: Agile BI improves the organization’s response speed to market changes.  ,Q27: Agile BI allows continuous improvement and iterative development.  ,Q28: BI systems accelerate responses to market changes.  ,Q29: BI technologies improve resource utilization and efficiency.  ,Q30: BI enhances the organization’s ability to adapt to sudden changes  
10/29/2025 13:21:13,"Yes, I agree",5 = Strongly Agree,Large (more than 250 employees),Male,50-60,Master's degree,4-6 years,4 = Agree,4-= Agree,5= Strongly Agree,3= Neutral,4 = Agree,4 = Agree,4 = Agree,3= Neutral,4 = Agree,5= Strongly Agree,5= Strongly Agree,5= Strongly Agree,5= Strongly Agree,4 = Agree,4 = Agree,4 = Agree,5= Strongly Agree,4 = Agree,5= Strongly Agree,5= Strongly Agree,5= Strongly Agree,,5= Strongly Agree,5= Strongly Agree,4 = Agree,4 = Agree
12/3/2025 17:50:37,"Yes, I agree",3 = Neutral,Medium (51–250 employees),Male,40-50,Master's degree,4-6 years,4 = Agree,3= Neutral,2= Disagree,2= Disagree,2= Disagree,2= Disagree,2= Disagree,2= Disagree,3= Neutral,3= Neutral,3= Neutral,1=  Strongly Disagree,4 = Agree,4 = Agree,2= Disagree,1=  Strongly Disagree,3= Neutral,2= Disagree,5= Strongly Agree,5= Strongly Agree,3= Neutral,,3= Neutral,3= Neutral,4 = Agree,2= Disagree
12/3/2025 18:25:25,"Yes, I agree",4 = Agree,Large (more than 250 employees),Male,40-50,Master's degree,1-3 years,5= Strongly Agree,5= Strongly Agree,4 = Agree,4 = Agree,5= Strongly Agree,5= Strongly Agree,5= Strongly Agree,5= Strongly Agree,5= Strongly Agree,5= Strongly Agree,5= Strongly Agree,5= Strongly Agree,5= Strongly Agree,5= Strongly Agree,5= Strongly Agree,5= Strongly Agree,5= Strongly Agree,5= Strongly Agree,5= Strongly Agree,5= Strongly Agree,5= Strongly Agree,,5= Strongly Agree,5= Strongly Agree,5= Strongly Agree,4 = Agree
12/3/2025 18:36:34,"Yes, I agree",5 = Strongly Agree,Small (1–50 employees),Female,30-40,Master's degree,1-3 years,4 = Agree,4-= Agree,3= Neutral,3= Neutral,5= Strongly Agree,4 = Agree,3= Neutral,4 = Agree,4 = Agree,4 = Agree,4 = Agree,4 = Agree,4 = Agree,4 = Agree,4 = Agree,3= Neutral,4 = Agree,4 = Agree,4 = Agree,4 = Agree,3= Neutral,,4 = Agree,4 = Agree,5= Strongly Agree,5= Strongly Agree
12/4/2025 1:49:37,"Yes, I agree",5 = Strongly Agree,Large (more than 250 employees),Male,30-40,Bachelor's degree,1-3 years,5= Strongly Agree,5= Strongly Agree,4 = Agree,4 = Agree,5= Strongly Agree,4 = Agree,5= Strongly Agree,4 = Agree,5= Strongly Agree,5= Strongly Agree,5= Strongly Agree,5= Strongly Agree,5= Strongly Agree,5= Strongly Agree,5= Strongly Agree,5= Strongly Agree,5= Strongly Agree,5= Strongly Agree,5= Strongly Agree,5= Strongly Agree,5= Strongly Agree,,5= Strongly Agree,5= Strongly Agree,5= Strongly Agree,5= Strongly Agree
12/4/2025 14:08:13,"Yes, I agree",5 = Strongly Agree,Medium (51–250 employees),Male,30-40,PhD,7-10 years,5= Strongly Agree,5= Strongly Agree,5= Strongly Agree,4 = Agree,4 = Agree,4 = Agree,4 = Agree,5= Strongly Agree,4 = Agree,5= Strongly Agree,5= Strongly Agree,4 = Agree,4 = Agree,2= Disagree,5= Strongly Agree,5= Strongly Agree,5= Strongly Agree,5= Strongly Agree,4 = Agree,4 = Agree,5= Strongly Agree,,4 = Agree,4 = Agree,4 = Agree,4 = Agree
12/8/2025 23:35:18,"Yes, I agree",5 = Strongly Agree,Small (1–50 employees),Male,40-50,Bachelor's degree,1-3 years,5= Strongly Agree,5= Strongly Agree,5= Strongly Agree,5= Strongly Agree,5= Strongly Agree,5= Strongly Agree,5= Strongly Agree,5= Strongly Agree,5= Strongly Agree,5= Strongly Agree,5= Strongly Agree,5= Strongly Agree,5= Strongly Agree,5= Strongly Agree,5= Strongly Agree,5= Strongly Agree,5= Strongly Agree,5= Strongly Agree,3= Neutral,5= Strongly Agree,5= Strongly Agree,,5= Strongly Agree,5= Strongly Agree,5= Strongly Agree,5= Strongly Agree
12/9/2025 0:00:52,"Yes, I agree",5 = Strongly Agree,Large (more than 250 employees),Male,40-50,Master's degree,7-10 years,3= Neutral,4-= Agree,5= Strongly Agree,5= Strongly Agree,4 = Agree,5= Strongly Agree,5= Strongly Agree,5= Strongly Agree,5= Strongly Agree,4 = Agree,4 = Agree,5= Strongly Agree,5= Strongly Agree,5= Strongly Agree,5= Strongly Agree,5= Strongly Agree,5= Strongly Agree,5= Strongly Agree,5= Strongly Agree,5= Strongly Agree,5= Strongly Agree,,5= Strongly Agree,4 = Agree,5= Strongly Agree,4 = Agree
12/9/2025 0:01:52,"Yes, I agree",4 = Agree,Medium (51–250 employees),Male,30-40,Bachelor's degree,7-10 years,4 = Agree,4-= Agree,4 = Agree,5= Strongly Agree,5= Strongly Agree,5= Strongly Agree,5= Strongly Agree,4 = Agree,3= Neutral,5= Strongly Agree,5= Strongly Agree,5= Strongly Agree,5= Strongly Agree,5= Strongly Agree,5= Strongly Agree,5= Strongly Agree,4 = Agree,4 = Agree,5= Strongly Agree,5= Strongly Agree,5= Strongly Agree,,4 = Agree,5= Strongly Agree,5= Strongly Agree,4 = Agree
12/9/2025 0:02:55,"Yes, I agree",4 = Agree,Small (1–50 employees),Male,18-30,Other,4-6 years,3= Neutral,4-= Agree,4 = Agree,4 = Agree,4 = Agree,4 = Agree,5= Strongly Agree,4 = Agree,4 = Agree,4 = Agree,5= Strongly Agree,4 = Agree,4 = Agree,4 = Agree,5= Strongly Agree,4 = Agree,4 = Agree,4 = Agree,5= Strongly Agree,5= Strongly Agree,5= Strongly Agree,,5= Strongly Agree,5= Strongly Agree,4 = Agree,5= Strongly Agree
12/9/2025 10:39:12,"Yes, I agree",4 = Agree,Small (1–50 employees),Male,30-40,Master's degree,4-6 years,4 = Agree,3= Neutral,4 = Agree,4 = Agree,4 = Agree,5= Strongly Agree,4 = Agree,4 = Agree,3= Neutral,3= Neutral,3= Neutral,2= Disagree,2= Disagree,3= Neutral,3= Neutral,3= Neutral,2= Disagree,3= Neutral,3= Neutral,3= Neutral,3= Neutral,,2= Disagree,4 = Agree,4 = Agree,4 = Agree
12/9/2025 18:08:50,"Yes, I agree",3 = Neutral,Medium (51–250 employees),Male,40-50,PhD,more than 10 years,5= Strongly Agree,5= Strongly Agree,4 = Agree,5= Strongly Agree,5= Strongly Agree,5= Strongly Agree,4 = Agree,4 = Agree,4 = Agree,4 = Agree,4 = Agree,4 = Agree,5= Strongly Agree,5= Strongly Agree,5= Strongly Agree,5= Strongly Agree,5= Strongly Agree,5= Strongly Agree,5= Strongly Agree,5= Strongly Agree,4 = Agree,,3= Neutral,4 = Agree,4 = Agree,5= Strongly Agree
12/9/2025 20:07:47,"Yes, I agree",5 = Strongly Agree,Small (1–50 employees),Male,30-40,Master's degree,1-3 years,5= Strongly Agree,5= Strongly Agree,5= Strongly Agree,5= Strongly Agree,5= Strongly Agree,5= Strongly Agree,5= Strongly Agree,5= Strongly Agree,5= Strongly Agree,5= Strongly Agree,5= Strongly Agree,5= Strongly Agree,5= Strongly Agree,5= Strongly Agree,5= Strongly Agree,5= Strongly Agree,5= Strongly Agree,5= Strongly Agree,5= Strongly Agree,5= Strongly Agree,5= Strongly Agree,,5= Strongly Agree,5= Strongly Agree,5= Strongly Agree,5= Strongly Agree
12/10/2025 10:07:53,"No, I don't agree",3 = Neutral,Medium (51–250 employees),Male,40-50,Master's degree,4-6 years,3= Neutral,3= Neutral,3= Neutral,3= Neutral,3= Neutral,3= Neutral,3= Neutral,3= Neutral,3= Neutral,3= Neutral,3= Neutral,3= Neutral,3= Neutral,3= Neutral,3= Neutral,3= Neutral,3= Neutral,3= Neutral,3= Neutral,3= Neutral,3= Neutral,,3= Neutral,3= Neutral,3= Neutral,3= Neutral
12/11/2025 21:10:51,"Yes, I agree",5 = Strongly Agree,Medium (51–250 employees),Female,40-50,Master's degree,4-6 years,5= Strongly Agree,5= Strongly Agree,5= Strongly Agree,5= Strongly Agree,4 = Agree,5= Strongly Agree,5= Strongly Agree,5= Strongly Agree,5= Strongly Agree,5= Strongly Agree,5= Strongly Agree,5= Strongly Agree,5= Strongly Agree,5= Strongly Agree,5= Strongly Agree,4 = Agree,4 = Agree,5= Strongly Agree,5= Strongly Agree,5= Strongly Agree,5= Strongly Agree,,5= Strongly Agree,5= Strongly Agree,5= Strongly Agree,5= Strongly Agree
12/12/2025 22:19:36,"Yes, I agree",5 = Strongly Agree,Large (more than 250 employees),Female,40-50,PhD,4-6 years,4 = Agree,5= Strongly Agree,5= Strongly Agree,5= Strongly Agree,5= Strongly Agree,3= Neutral,5= Strongly Agree,5= Strongly Agree,5= Strongly Agree,5= Strongly Agree,5= Strongly Agree,5= Strongly Agree,5= Strongly Agree,5= Strongly Agree,3= Neutral,5= Strongly Agree,5= Strongly Agree,4 = Agree,5= Strongly Agree,5= Strongly Agree,5= Strongly Agree,,5= Strongly Agree,5= Strongly Agree,5= Strongly Agree,5= Strongly Agree
12/12/2025 22:20:34,"Yes, I agree",5 = Strongly Agree,Medium (51–250 employees),Female,40-50,Bachelor's degree,4-6 years,5= Strongly Agree,5= Strongly Agree,5= Strongly Agree,5= Strongly Agree,5= Strongly Agree,5= Strongly Agree,5= Strongly Agree,5= Strongly Agree,5= Strongly Agree,5= Strongly Agree,5= Strongly Agree,5= Strongly Agree,5= Strongly Agree,5= Strongly Agree,5= Strongly Agree,4 = Agree,4 = Agree,4 = Agree,5= Strongly Agree,5= Strongly Agree,5= Strongly Agree,,5= Strongly Agree,5= Strongly Agree,5= Strongly Agree,5= Strongly Agree
12/12/2025 22:21:31,"Yes, I agree",5 = Strongly Agree,Large (more than 250 employees),Male,50-60,PhD,more than 10 years,5= Strongly Agree,5= Strongly Agree,5= Strongly Agree,4 = Agree,4 = Agree,5= Strongly Agree,5= Strongly Agree,5= Strongly Agree,5= Strongly Agree,5= Strongly Agree,5= Strongly Agree,5= Strongly Agree,5= Strongly Agree,5= Strongly Agree,5= Strongly Agree,5= Strongly Agree,5= Strongly Agree,5= Strongly Agree,5= Strongly Agree,4 = Agree,5= Strongly Agree,,5= Strongly Agree,5= Strongly Agree,5= Strongly Agree,5= Strongly Agree
12/12/2025 22:22:28,"Yes, I agree",5 = Strongly Agree,Medium (51–250 employees),Male,40-50,Bachelor's degree,7-10 years,5= Strongly Agree,4-= Agree,5= Strongly Agree,5= Strongly Agree,5= Strongly Agree,5= Strongly Agree,5= Strongly Agree,5= Strongly Agree,5= Strongly Agree,5= Strongly Agree,5= Strongly Agree,5= Strongly Agree,5= Strongly Agree,5= Strongly Agree,5= Strongly Agree,5= Strongly Agree,5= Strongly Agree,5= Strongly Agree,5= Strongly Agree,5= Strongly Agree,5= Strongly Agree,,5= Strongly Agree,5= Strongly Agree,5= Strongly Agree,5= Strongly Agree
12/13/2025 13:09:54,"Yes, I agree",4 = Agree,Large (more than 250 employees),Female,50-60,Master's degree,more than 10 years,5= Strongly Agree,5= Strongly Agree,4 = Agree,5= Strongly Agree,5= Strongly Agree,5= Strongly Agree,5= Strongly Agree,5= Strongly Agree,5= Strongly Agree,5= Strongly Agree,5= Strongly Agree,4 = Agree,5= Strongly Agree,5= Strongly Agree,5= Strongly Agree,4 = Agree,5= Strongly Agree,5= Strongly Agree,5= Strongly Agree,5= Strongly Agree,5= Strongly Agree,,5= Strongly Agree,5= Strongly Agree,5= Strongly Agree,4 = Agree
12/13/2025 13:47:05,"Yes, I agree",5 = Strongly Agree,Large (more than 250 employees),Male,40-50,Bachelor's degree,4-6 years,5= Strongly Agree,5= Strongly Agree,5= Strongly Agree,5= Strongly Agree,5= Strongly Agree,4 = Agree,5= Strongly Agree,5= Strongly Agree,5= Strongly Agree,5= Strongly Agree,4 = Agree,5= Strongly Agree,5= Strongly Agree,5= Strongly Agree,5= Strongly Agree,5= Strongly Agree,4 = Agree,5= Strongly Agree,5= Strongly Agree,5= Strongly Agree,5= Strongly Agree,,5= Strongly Agree,5= Strongly Agree,4 = Agree,5= Strongly Agree
12/13/2025 15:55:45,"Yes, I agree",5 = Strongly Agree,Medium (51–250 employees),Male,30-40,Master's degree,4-6 years,4 = Agree,4-= Agree,4 = Agree,5= Strongly Agree,4 = Agree,4 = Agree,4 = Agree,4 = Agree,4 = Agree,4 = Agree,4 = Agree,4 = Agree,4 = Agree,5= Strongly Agree,5= Strongly Agree,5= Strongly Agree,5= Strongly Agree,5= Strongly Agree,5= Strongly Agree,4 = Agree,5= Strongly Agree,,5= Strongly Agree,4 = Agree,5= Strongly Agree,5= Strongly Agree
12/13/2025 16:00:54,"Yes, I agree",4 = Agree,Small (1–50 employees),Male,40-50,PhD,more than 10 years,5= Strongly Agree,4-= Agree,4 = Agree,4 = Agree,4 = Agree,4 = Agree,4 = Agree,4 = Agree,3= Neutral,5= Strongly Agree,5= Strongly Agree,5= Strongly Agree,5= Strongly Agree,5= Strongly Agree,4 = Agree,4 = Agree,4 = Agree,4 = Agree,4 = Agree,4 = Agree,4 = Agree,,4 = Agree,5= Strongly Agree,5= Strongly Agree,5= Strongly Agree
12/13/2025 16:04:30,"Yes, I agree",4 = Agree,Medium (51–250 employees),Female,30-40,Master's degree,7-10 years,5= Strongly Agree,4-= Agree,4 = Agree,4 = Agree,4 = Agree,4 = Agree,4 = Agree,4 = Agree,4 = Agree,4 = Agree,4 = Agree,4 = Agree,4 = Agree,4 = Agree,4 = Agree,4 = Agree,4 = Agree,4 = Agree,4 = Agree,5= Strongly Agree,4 = Agree,,4 = Agree,4 = Agree,4 = Agree,4 = Agree
12/13/2025 16:05:45,"Yes, I agree",4 = Agree,Large (more than 250 employees),Female,30-40,Bachelor's degree,4-6 years,4 = Agree,3= Neutral,3= Neutral,3= Neutral,3= Neutral,3= Neutral,3= Neutral,3= Neutral,3= Neutral,3= Neutral,3= Neutral,3= Neutral,3= Neutral,3= Neutral,3= Neutral,3= Neutral,3= Neutral,3= Neutral,3= Neutral,3= Neutral,3= Neutral,,3= Neutral,3= Neutral,3= Neutral,3= Neutral
12/13/2025 16:10:14,"Yes, I agree",1=  Strongly Disagree,Medium (51–250 employees),Male,30-40,Bachelor's degree,7-10 years,1=  Strongly Disagree,5= Strongly Agree,5= Strongly Agree,5= Strongly Agree,5= Strongly Agree,5= Strongly Agree,5= Strongly Agree,5= Strongly Agree,4 = Agree,5= Strongly Agree,5= Strongly Agree,5= Strongly Agree,5= Strongly Agree,5= Strongly Agree,5= Strongly Agree,5= Strongly Agree,5= Strongly Agree,5= Strongly Agree,5= Strongly Agree,4 = Agree,5= Strongly Agree,,4 = Agree,4 = Agree,5= Strongly Agree,5= Strongly Agree
12/13/2025 16:22:49,"Yes, I agree",4 = Agree,Medium (51–250 employees),Male,40-50,Bachelor's degree,1-3 years,4 = Agree,4-= Agree,4 = Agree,5= Strongly Agree,4 = Agree,4 = Agree,4 = Agree,4 = Agree,4 = Agree,4 = Agree,4 = Agree,4 = Agree,4 = Agree,4 = Agree,4 = Agree,4 = Agree,5= Strongly Agree,5= Strongly Agree,5= Strongly Agree,5= Strongly Agree,5= Strongly Agree,,5= Strongly Agree,4 = Agree,4 = Agree,4 = Agree
12/13/2025 16:24:54,"Yes, I agree",5 = Strongly Agree,Large (more than 250 employees),Female,30-40,Other,more than 10 years,5= Strongly Agree,5= Strongly Agree,5= Strongly Agree,5= Strongly Agree,5= Strongly Agree,5= Strongly Agree,5= Strongly Agree,5= Strongly Agree,5= Strongly Agree,5= Strongly Agree,5= Strongly Agree,5= Strongly Agree,5= Strongly Agree,5= Strongly Agree,5= Strongly Agree,5= Strongly Agree,5= Strongly Agree,5= Strongly Agree,5= Strongly Agree,5= Strongly Agree,5= Strongly Agree,,5= Strongly Agree,5= Strongly Agree,5= Strongly Agree,5= Strongly Agree
12/13/2025 16:25:48,"Yes, I agree",4 = Agree,Small (1–50 employees),Female,18-30,Bachelor's degree,4-6 years,4 = Agree,4-= Agree,4 = Agree,4 = Agree,4 = Agree,4 = Agree,4 = Agree,4 = Agree,4 = Agree,4 = Agree,4 = Agree,4 = Agree,4 = Agree,4 = Agree,4 = Agree,4 = Agree,4 = Agree,4 = Agree,4 = Agree,4 = Agree,4 = Agree,,4 = Agree,4 = Agree,4 = Agree,4 = Agree
12/13/2025 16:26:42,"Yes, I agree",4 = Agree,Medium (51–250 employees),Male,30-40,Master's degree,7-10 years,4 = Agree,1=  Strongly Disagree,5= Strongly Agree,5= Strongly Agree,5= Strongly Agree,5= Strongly Agree,5= Strongly Agree,4 = Agree,5= Strongly Agree,5= Strongly Agree,5= Strongly Agree,5= Strongly Agree,5= Strongly Agree,5= Strongly Agree,5= Strongly Agree,5= Strongly Agree,5= Strongly Agree,5= Strongly Agree,5= Strongly Agree,5= Strongly Agree,5= Strongly Agree,,5= Strongly Agree,5= Strongly Agree,5= Strongly Agree,5= Strongly Agree
12/13/2025 16:27:38,"Yes, I agree",5 = Strongly Agree,Medium (51–250 employees),Male,18-30,Bachelor's degree,7-10 years,5= Strongly Agree,5= Strongly Agree,5= Strongly Agree,5= Strongly Agree,5= Strongly Agree,5= Strongly Agree,5= Strongly Agree,5= Strongly Agree,5= Strongly Agree,5= Strongly Agree,5= Strongly Agree,5= Strongly Agree,5= Strongly Agree,5= Strongly Agree,5= Strongly Agree,5= Strongly Agree,5= Strongly Agree,5= Strongly Agree,5= Strongly Agree,5= Strongly Agree,5= Strongly Agree,,5= Strongly Agree,5= Strongly Agree,5= Strongly Agree,5= Strongly Agree
12/13/2025 16:28:30,"Yes, I agree",5 = Strongly Agree,Medium (51–250 employees),Male,40-50,Master's degree,more than 10 years,5= Strongly Agree,5= Strongly Agree,5= Strongly Agree,5= Strongly Agree,5= Strongly Agree,5= Strongly Agree,5= Strongly Agree,5= Strongly Agree,5= Strongly Agree,5= Strongly Agree,5= Strongly Agree,5= Strongly Agree,5= Strongly Agree,5= Strongly Agree,5= Strongly Agree,5= Strongly Agree,5= Strongly Agree,5= Strongly Agree,5= Strongly Agree,5= Strongly Agree,5= Strongly Agree,,5= Strongly Agree,5= Strongly Agree,5= Strongly Agree,5= Strongly Agree
12/13/2025 16:29:32,"Yes, I agree",4 = Agree,Small (1–50 employees),Male,30-40,Bachelor's degree,7-10 years,5= Strongly Agree,5= Strongly Agree,5= Strongly Agree,5= Strongly Agree,5= Strongly Agree,5= Strongly Agree,5= Strongly Agree,5= Strongly Agree,5= Strongly Agree,5= Strongly Agree,5= Strongly Agree,5= Strongly Agree,5= Strongly Agree,5= Strongly Agree,5= Strongly Agree,5= Strongly Agree,5= Strongly Agree,5= Strongly Agree,5= Strongly Agree,5= Strongly Agree,5= Strongly Agree,,5= Strongly Agree,5= Strongly Agree,5= Strongly Agree,5= Strongly Agree
12/13/2025 16:31:45,"Yes, I agree",5 = Strongly Agree,Large (more than 250 employees),Female,30-40,Master's degree,more than 10 years,4 = Agree,4-= Agree,4 = Agree,4 = Agree,4 = Agree,4 = Agree,4 = Agree,4 = Agree,4 = Agree,4 = Agree,4 = Agree,4 = Agree,4 = Agree,4 = Agree,4 = Agree,4 = Agree,4 = Agree,4 = Agree,4 = Agree,4 = Agree,4 = Agree,,4 = Agree,4 = Agree,4 = Agree,4 = Agree
12/13/2025 16:33:09,"Yes, I agree",4 = Agree,Small (1–50 employees),Male,30-40,Bachelor's degree,7-10 years,4 = Agree,4-= Agree,4 = Agree,5= Strongly Agree,5= Strongly Agree,4 = Agree,3= Neutral,5= Strongly Agree,5= Strongly Agree,5= Strongly Agree,5= Strongly Agree,5= Strongly Agree,5= Strongly Agree,5= Strongly Agree,5= Strongly Agree,5= Strongly Agree,5= Strongly Agree,5= Strongly Agree,5= Strongly Agree,5= Strongly Agree,5= Strongly Agree,,5= Strongly Agree,5= Strongly Agree,5= Strongly Agree,5= Strongly Agree
12/13/2025 16:34:25,"Yes, I agree",5 = Strongly Agree,Small (1–50 employees),Male,30-40,Bachelor's degree,4-6 years,5= Strongly Agree,5= Strongly Agree,5= Strongly Agree,5= Strongly Agree,5= Strongly Agree,5= Strongly Agree,5= Strongly Agree,5= Strongly Agree,5= Strongly Agree,5= Strongly Agree,5= Strongly Agree,5= Strongly Agree,5= Strongly Agree,5= Strongly Agree,5= Strongly Agree,5= Strongly Agree,5= Strongly Agree,5= Strongly Agree,5= Strongly Agree,5= Strongly Agree,5= Strongly Agree,,5= Strongly Agree,5= Strongly Agree,5= Strongly Agree,5= Strongly Agree
12/13/2025 16:36:04,"Yes, I agree",5 = Strongly Agree,Small (1–50 employees),Male,50-60,PhD,more than 10 years,3= Neutral,3= Neutral,4 = Agree,3= Neutral,4 = Agree,4 = Agree,4 = Agree,4 = Agree,4 = Agree,4 = Agree,4 = Agree,4 = Agree,4 = Agree,4 = Agree,4 = Agree,5= Strongly Agree,5= Strongly Agree,5= Strongly Agree,4 = Agree,5= Strongly Agree,5= Strongly Agree,,5= Strongly Agree,5= Strongly Agree,4 = Agree,5= Strongly Agree
12/13/2025 16:36:48,"Yes, I agree",4 = Agree,Large (more than 250 employees),Male,40-50,PhD,more than 10 years,5= Strongly Agree,5= Strongly Agree,5= Strongly Agree,5= Strongly Agree,5= Strongly Agree,5= Strongly Agree,5= Strongly Agree,5= Strongly Agree,5= Strongly Agree,5= Strongly Agree,5= Strongly Agree,5= Strongly Agree,5= Strongly Agree,5= Strongly Agree,5= Strongly Agree,5= Strongly Agree,5= Strongly Agree,5= Strongly Agree,5= Strongly Agree,5= Strongly Agree,5= Strongly Agree,,5= Strongly Agree,5= Strongly Agree,5= Strongly Agree,5= Strongly Agree
12/13/2025 16:38:03,"Yes, I agree",4 = Agree,Medium (51–250 employees),Male,30-40,Bachelor's degree,4-6 years,5= Strongly Agree,5= Strongly Agree,5= Strongly Agree,5= Strongly Agree,5= Strongly Agree,5= Strongly Agree,5= Strongly Agree,5= Strongly Agree,5= Strongly Agree,5= Strongly Agree,5= Strongly Agree,5= Strongly Agree,5= Strongly Agree,5= Strongly Agree,5= Strongly Agree,5= Strongly Agree,5= Strongly Agree,5= Strongly Agree,5= Strongly Agree,5= Strongly Agree,5= Strongly Agree,,5= Strongly Agree,5= Strongly Agree,5= Strongly Agree,5= Strongly Agree
12/13/2025 16:39:11,"Yes, I agree",5 = Strongly Agree,Large (more than 250 employees),Female,30-40,Master's degree,7-10 years,5= Strongly Agree,5= Strongly Agree,5= Strongly Agree,5= Strongly Agree,5= Strongly Agree,5= Strongly Agree,5= Strongly Agree,5= Strongly Agree,5= Strongly Agree,5= Strongly Agree,5= Strongly Agree,5= Strongly Agree,5= Strongly Agree,5= Strongly Agree,5= Strongly Agree,5= Strongly Agree,5= Strongly Agree,5= Strongly Agree,5= Strongly Agree,5= Strongly Agree,5= Strongly Agree,,5= Strongly Agree,5= Strongly Agree,5= Strongly Agree,5= Strongly Agree
12/13/2025 16:40:37,"Yes, I agree",4 = Agree,Medium (51–250 employees),Male,30-40,Bachelor's degree,more than 10 years,5= Strongly Agree,5= Strongly Agree,5= Strongly Agree,5= Strongly Agree,5= Strongly Agree,5= Strongly Agree,5= Strongly Agree,5= Strongly Agree,5= Strongly Agree,5= Strongly Agree,5= Strongly Agree,5= Strongly Agree,5= Strongly Agree,5= Strongly Agree,5= Strongly Agree,5= Strongly Agree,5= Strongly Agree,5= Strongly Agree,5= Strongly Agree,5= Strongly Agree,5= Strongly Agree,,5= Strongly Agree,5= Strongly Agree,5= Strongly Agree,5= Strongly Agree
12/13/2025 16:41:25,"Yes, I agree",5 = Strongly Agree,Medium (51–250 employees),Male,30-40,Bachelor's degree,7-10 years,5= Strongly Agree,5= Strongly Agree,5= Strongly Agree,5= Strongly Agree,5= Strongly Agree,5= Strongly Agree,5= Strongly Agree,5= Strongly Agree,5= Strongly Agree,5= Strongly Agree,5= Strongly Agree,5= Strongly Agree,5= Strongly Agree,5= Strongly Agree,5= Strongly Agree,5= Strongly Agree,5= Strongly Agree,5= Strongly Agree,5= Strongly Agree,5= Strongly Agree,5= Strongly Agree,,5= Strongly Agree,5= Strongly Agree,5= Strongly Agree,5= Strongly Agree
12/13/2025 16:42:15,"Yes, I agree",5 = Strongly Agree,Large (more than 250 employees),Female,30-40,Master's degree,more than 10 years,5= Strongly Agree,5= Strongly Agree,5= Strongly Agree,5= Strongly Agree,5= Strongly Agree,5= Strongly Agree,5= Strongly Agree,5= Strongly Agree,5= Strongly Agree,5= Strongly Agree,5= Strongly Agree,5= Strongly Agree,5= Strongly Agree,5= Strongly Agree,5= Strongly Agree,5= Strongly Agree,5= Strongly Agree,5= Strongly Agree,5= Strongly Agree,5= Strongly Agree,5= Strongly Agree,,5= Strongly Agree,5= Strongly Agree,5= Strongly Agree,5= Strongly Agree
12/13/2025 16:43:23,"Yes, I agree",5 = Strongly Agree,Large (more than 250 employees),Male,30-40,Master's degree,more than 10 years,5= Strongly Agree,5= Strongly Agree,5= Strongly Agree,5= Strongly Agree,5= Strongly Agree,5= Strongly Agree,5= Strongly Agree,5= Strongly Agree,5= Strongly Agree,5= Strongly Agree,5= Strongly Agree,5= Strongly Agree,5= Strongly Agree,5= Strongly Agree,5= Strongly Agree,5= Strongly Agree,5= Strongly Agree,5= Strongly Agree,5= Strongly Agree,5= Strongly Agree,5= Strongly Agree,,5= Strongly Agree,5= Strongly Agree,5= Strongly Agree,5= Strongly Agree
12/13/2025 16:44:17,"Yes, I agree",5 = Strongly Agree,Large (more than 250 employees),Male,18-30,Bachelor's degree,1-3 years,4 = Agree,4-= Agree,4 = Agree,4 = Agree,4 = Agree,4 = Agree,4 = Agree,4 = Agree,4 = Agree,4 = Agree,4 = Agree,4 = Agree,4 = Agree,4 = Agree,4 = Agree,4 = Agree,4 = Agree,4 = Agree,4 = Agree,4 = Agree,4 = Agree,,4 = Agree,4 = Agree,4 = Agree,4 = Agree
12/13/2025 16:45:05,"Yes, I agree",4 = Agree,Medium (51–250 employees),Male,30-40,Bachelor's degree,4-6 years,3= Neutral,3= Neutral,3= Neutral,3= Neutral,3= Neutral,3= Neutral,3= Neutral,3= Neutral,3= Neutral,3= Neutral,3= Neutral,3= Neutral,3= Neutral,3= Neutral,3= Neutral,3= Neutral,3= Neutral,3= Neutral,3= Neutral,3= Neutral,3= Neutral,,3= Neutral,3= Neutral,3= Neutral,3= Neutral
12/13/2025 16:46:03,"Yes, I agree",4 = Agree,Medium (51–250 employees),Male,30-40,Master's degree,7-10 years,4 = Agree,5= Strongly Agree,5= Strongly Agree,5= Strongly Agree,5= Strongly Agree,5= Strongly Agree,5= Strongly Agree,5= Strongly Agree,5= Strongly Agree,5= Strongly Agree,5= Strongly Agree,5= Strongly Agree,5= Strongly Agree,5= Strongly Agree,5= Strongly Agree,5= Strongly Agree,5= Strongly Agree,5= Strongly Agree,5= Strongly Agree,5= Strongly Agree,5= Strongly Agree,,5= Strongly Agree,5= Strongly Agree,5= Strongly Agree,5= Strongly Agree
12/13/2025 16:46:54,"Yes, I agree",4 = Agree,Medium (51–250 employees),Male,18-30,Bachelor's degree,4-6 years,5= Strongly Agree,5= Strongly Agree,5= Strongly Agree,5= Strongly Agree,5= Strongly Agree,5= Strongly Agree,5= Strongly Agree,5= Strongly Agree,5= Strongly Agree,5= Strongly Agree,5= Strongly Agree,5= Strongly Agree,5= Strongly Agree,5= Strongly Agree,5= Strongly Agree,5= Strongly Agree,5= Strongly Agree,5= Strongly Agree,5= Strongly Agree,5= Strongly Agree,5= Strongly Agree,,5= Strongly Agree,5= Strongly Agree,5= Strongly Agree,5= Strongly Agree
12/13/2025 16:49:20,"Yes, I agree",4 = Agree,Medium (51–250 employees),Male,30-40,Bachelor's degree,more than 10 years,1=  Strongly Disagree,5= Strongly Agree,5= Strongly Agree,3= Neutral,5= Strongly Agree,3= Neutral,4 = Agree,5= Strongly Agree,5= Strongly Agree,5= Strongly Agree,5= Strongly Agree,5= Strongly Agree,5= Strongly Agree,5= Strongly Agree,5= Strongly Agree,5= Strongly Agree,5= Strongly Agree,5= Strongly Agree,5= Strongly Agree,5= Strongly Agree,5= Strongly Agree,,5= Strongly Agree,5= Strongly Agree,5= Strongly Agree,5= Strongly Agree
12/13/2025 16:59:57,"Yes, I agree",4 = Agree,Large (more than 250 employees),Female,40-50,PhD,more than 10 years,5= Strongly Agree,5= Strongly Agree,5= Strongly Agree,5= Strongly Agree,5= Strongly Agree,5= Strongly Agree,5= Strongly Agree,5= Strongly Agree,5= Strongly Agree,5= Strongly Agree,5= Strongly Agree,5= Strongly Agree,5= Strongly Agree,5= Strongly Agree,5= Strongly Agree,5= Strongly Agree,5= Strongly Agree,5= Strongly Agree,5= Strongly Agree,5= Strongly Agree,5= Strongly Agree,,5= Strongly Agree,5= Strongly Agree,5= Strongly Agree,5= Strongly Agree
12/13/2025 17:01:17,"Yes, I agree",5 = Strongly Agree,Large (more than 250 employees),Male,40-50,PhD,more than 10 years,5= Strongly Agree,5= Strongly Agree,5= Strongly Agree,5= Strongly Agree,5= Strongly Agree,5= Strongly Agree,5= Strongly Agree,5= Strongly Agree,5= Strongly Agree,5= Strongly Agree,5= Strongly Agree,5= Strongly Agree,5= Strongly Agree,5= Strongly Agree,5= Strongly Agree,5= Strongly Agree,5= Strongly Agree,5= Strongly Agree,5= Strongly Agree,5= Strongly Agree,5= Strongly Agree,,5= Strongly Agree,5= Strongly Agree,5= Strongly Agree,5= Strongly Agree
12/13/2025 17:02:01,"Yes, I agree",5 = Strongly Agree,Medium (51–250 employees),Male,30-40,Other,more than 10 years,5= Strongly Agree,5= Strongly Agree,5= Strongly Agree,5= Strongly Agree,5= Strongly Agree,5= Strongly Agree,5= Strongly Agree,5= Strongly Agree,5= Strongly Agree,5= Strongly Agree,5= Strongly Agree,5= Strongly Agree,5= Strongly Agree,5= Strongly Agree,5= Strongly Agree,5= Strongly Agree,5= Strongly Agree,5= Strongly Agree,5= Strongly Agree,5= Strongly Agree,5= Strongly Agree,,5= Strongly Agree,5= Strongly Agree,5= Strongly Agree,5= Strongly Agree
12/13/2025 17:02:49,"Yes, I agree",5 = Strongly Agree,Small (1–50 employees),Male,30-40,Bachelor's degree,7-10 years,5= Strongly Agree,5= Strongly Agree,5= Strongly Agree,5= Strongly Agree,5= Strongly Agree,5= Strongly Agree,5= Strongly Agree,5= Strongly Agree,5= Strongly Agree,5= Strongly Agree,5= Strongly Agree,5= Strongly Agree,5= Strongly Agree,5= Strongly Agree,5= Strongly Agree,5= Strongly Agree,5= Strongly Agree,5= Strongly Agree,5= Strongly Agree,5= Strongly Agree,5= Strongly Agree,,5= Strongly Agree,5= Strongly Agree,5= Strongly Agree,5= Strongly Agree
12/13/2025 17:03:34,"Yes, I agree",5 = Strongly Agree,Medium (51–250 employees),Female,30-40,Bachelor's degree,7-10 years,5= Strongly Agree,5= Strongly Agree,5= Strongly Agree,5= Strongly Agree,5= Strongly Agree,5= Strongly Agree,5= Strongly Agree,5= Strongly Agree,5= Strongly Agree,5= Strongly Agree,5= Strongly Agree,5= Strongly Agree,5= Strongly Agree,5= Strongly Agree,5= Strongly Agree,5= Strongly Agree,5= Strongly Agree,5= Strongly Agree,5= Strongly Agree,5= Strongly Agree,5= Strongly Agree,,5= Strongly Agree,5= Strongly Agree,5= Strongly Agree,5= Strongly Agree
12/13/2025 17:04:23,"Yes, I agree",5 = Strongly Agree,Medium (51–250 employees),Male,50-60,PhD,more than 10 years,4 = Agree,4-= Agree,4 = Agree,4 = Agree,4 = Agree,4 = Agree,4 = Agree,4 = Agree,4 = Agree,4 = Agree,4 = Agree,4 = Agree,4 = Agree,4 = Agree,4 = Agree,4 = Agree,4 = Agree,4 = Agree,4 = Agree,4 = Agree,4 = Agree,,4 = Agree,4 = Agree,4 = Agree,4 = Agree
12/13/2025 17:05:09,"Yes, I agree",4 = Agree,Medium (51–250 employees),Female,40-50,Master's degree,more than 10 years,4 = Agree,4-= Agree,4 = Agree,4 = Agree,4 = Agree,4 = Agree,4 = Agree,4 = Agree,4 = Agree,4 = Agree,4 = Agree,4 = Agree,4 = Agree,4 = Agree,4 = Agree,4 = Agree,4 = Agree,4 = Agree,4 = Agree,4 = Agree,4 = Agree,,4 = Agree,4 = Agree,4 = Agree,4 = Agree
12/13/2025 17:06:25,"Yes, I agree",4 = Agree,Large (more than 250 employees),Male,40-50,Master's degree,more than 10 years,4 = Agree,4-= Agree,4 = Agree,4 = Agree,4 = Agree,4 = Agree,4 = Agree,4 = Agree,4 = Agree,4 = Agree,4 = Agree,4 = Agree,4 = Agree,4 = Agree,4 = Agree,4 = Agree,4 = Agree,5= Strongly Agree,4 = Agree,4 = Agree,4 = Agree,,4 = Agree,4 = Agree,4 = Agree,4 = Agree
12/13/2025 17:07:13,"Yes, I agree",4 = Agree,Medium (51–250 employees),Male,30-40,Bachelor's degree,7-10 years,4 = Agree,4-= Agree,4 = Agree,4 = Agree,4 = Agree,4 = Agree,4 = Agree,4 = Agree,4 = Agree,4 = Agree,4 = Agree,4 = Agree,4 = Agree,4 = Agree,4 = Agree,4 = Agree,4 = Agree,4 = Agree,4 = Agree,4 = Agree,4 = Agree,,4 = Agree,4 = Agree,4 = Agree,4 = Agree
12/13/2025 17:08:00,"Yes, I agree",4 = Agree,Medium (51–250 employees),Male,30-40,PhD,more than 10 years,5= Strongly Agree,5= Strongly Agree,5= Strongly Agree,5= Strongly Agree,5= Strongly Agree,5= Strongly Agree,5= Strongly Agree,5= Strongly Agree,5= Strongly Agree,5= Strongly Agree,5= Strongly Agree,5= Strongly Agree,5= Strongly Agree,5= Strongly Agree,5= Strongly Agree,5= Strongly Agree,5= Strongly Agree,5= Strongly Agree,5= Strongly Agree,5= Strongly Agree,5= Strongly Agree,,5= Strongly Agree,5= Strongly Agree,5= Strongly Agree,5= Strongly Agree
12/13/2025 17:08:52,"Yes, I agree",4 = Agree,Large (more than 250 employees),Female,40-50,Other,more than 10 years,5= Strongly Agree,5= Strongly Agree,5= Strongly Agree,5= Strongly Agree,5= Strongly Agree,5= Strongly Agree,5= Strongly Agree,5= Strongly Agree,5= Strongly Agree,5= Strongly Agree,5= Strongly Agree,5= Strongly Agree,5= Strongly Agree,5= Strongly Agree,5= Strongly Agree,5= Strongly Agree,5= Strongly Agree,5= Strongly Agree,5= Strongly Agree,5= Strongly Agree,5= Strongly Agree,,5= Strongly Agree,5= Strongly Agree,5= Strongly Agree,5= Strongly Agree
12/13/2025 17:13:17,"Yes, I agree",4 = Agree,Medium (51–250 employees),Female,18-30,Bachelor's degree,7-10 years,2= Disagree,2= Disagree,2= Disagree,2= Disagree,2= Disagree,2= Disagree,2= Disagree,2= Disagree,2= Disagree,2= Disagree,2= Disagree,2= Disagree,2= Disagree,2= Disagree,2= Disagree,2= Disagree,2= Disagree,2= Disagree,2= Disagree,2= Disagree,2= Disagree,,2= Disagree,2= Disagree,2= Disagree,2= Disagree
12/13/2025 17:14:08,"Yes, I agree",4 = Agree,Medium (51–250 employees),Female,30-40,Master's degree,7-10 years,3= Neutral,3= Neutral,3= Neutral,3= Neutral,3= Neutral,3= Neutral,3= Neutral,3= Neutral,3= Neutral,3= Neutral,3= Neutral,3= Neutral,3= Neutral,3= Neutral,3= Neutral,3= Neutral,3= Neutral,3= Neutral,3= Neutral,3= Neutral,3= Neutral,,3= Neutral,3= Neutral,3= Neutral,3= Neutral
12/13/2025 17:14:57,"Yes, I agree",4 = Agree,Large (more than 250 employees),Male,30-40,Master's degree,7-10 years,5= Strongly Agree,5= Strongly Agree,5= Strongly Agree,5= Strongly Agree,5= Strongly Agree,5= Strongly Agree,5= Strongly Agree,5= Strongly Agree,5= Strongly Agree,5= Strongly Agree,5= Strongly Agree,5= Strongly Agree,5= Strongly Agree,5= Strongly Agree,5= Strongly Agree,5= Strongly Agree,5= Strongly Agree,5= Strongly Agree,5= Strongly Agree,5= Strongly Agree,5= Strongly Agree,,5= Strongly Agree,5= Strongly Agree,5= Strongly Agree,5= Strongly Agree
12/13/2025 17:16:16,"Yes, I agree",5 = Strongly Agree,Large (more than 250 employees),Male,18-30,Bachelor's degree,1-3 years,4 = Agree,4-= Agree,5= Strongly Agree,4 = Agree,4 = Agree,5= Strongly Agree,4 = Agree,5= Strongly Agree,4 = Agree,5= Strongly Agree,4 = Agree,4 = Agree,4 = Agree,4 = Agree,4 = Agree,4 = Agree,4 = Agree,4 = Agree,4 = Agree,4 = Agree,4 = Agree,,4 = Agree,4 = Agree,5= Strongly Agree,5= Strongly Agree
12/13/2025 17:18:52,"Yes, I agree",4 = Agree,Medium (51–250 employees),Female,30-40,Bachelor's degree,7-10 years,4 = Agree,4-= Agree,4 = Agree,4 = Agree,4 = Agree,4 = Agree,4 = Agree,4 = Agree,4 = Agree,4 = Agree,4 = Agree,4 = Agree,4 = Agree,4 = Agree,4 = Agree,4 = Agree,4 = Agree,4 = Agree,4 = Agree,4 = Agree,4 = Agree,,4 = Agree,4 = Agree,4 = Agree,4 = Agree
12/13/2025 17:57:56,"Yes, I agree",5 = Strongly Agree,Medium (51–250 employees),Male,30-40,Bachelor's degree,7-10 years,4 = Agree,5= Strongly Agree,4 = Agree,5= Strongly Agree,5= Strongly Agree,5= Strongly Agree,4 = Agree,5= Strongly Agree,4 = Agree,4 = Agree,4 = Agree,4 = Agree,4 = Agree,5= Strongly Agree,5= Strongly Agree,4 = Agree,5= Strongly Agree,4 = Agree,4 = Agree,4 = Agree,4 = Agree,,4 = Agree,4 = Agree,4 = Agree,4 = Agree
12/13/2025 17:59:08,"Yes, I agree",4 = Agree,Medium (51–250 employees),Male,40-50,Bachelor's degree,more than 10 years,4 = Agree,5= Strongly Agree,4 = Agree,4 = Agree,4 = Agree,4 = Agree,4 = Agree,4 = Agree,4 = Agree,5= Strongly Agree,4 = Agree,4 = Agree,4 = Agree,4 = Agree,4 = Agree,4 = Agree,4 = Agree,4 = Agree,4 = Agree,4 = Agree,4 = Agree,,4 = Agree,4 = Agree,4 = Agree,4 = Agree
12/13/2025 18:00:30,"Yes, I agree",4 = Agree,Medium (51–250 employees),Male,30-40,Bachelor's degree,7-10 years,4 = Agree,4-= Agree,4 = Agree,4 = Agree,5= Strongly Agree,5= Strongly Agree,5= Strongly Agree,5= Strongly Agree,5= Strongly Agree,5= Strongly Agree,5= Strongly Agree,5= Strongly Agree,4 = Agree,5= Strongly Agree,5= Strongly Agree,5= Strongly Agree,5= Strongly Agree,5= Strongly Agree,5= Strongly Agree,5= Strongly Agree,5= Strongly Agree,,5= Strongly Agree,5= Strongly Agree,5= Strongly Agree,5= Strongly Agree
12/13/2025 18:01:42,"Yes, I agree",4 = Agree,Medium (51–250 employees),Male,50-60,Bachelor's degree,7-10 years,5= Strongly Agree,5= Strongly Agree,5= Strongly Agree,5= Strongly Agree,5= Strongly Agree,5= Strongly Agree,5= Strongly Agree,5= Strongly Agree,5= Strongly Agree,5= Strongly Agree,5= Strongly Agree,5= Strongly Agree,5= Strongly Agree,5= Strongly Agree,5= Strongly Agree,5= Strongly Agree,5= Strongly Agree,5= Strongly Agree,5= Strongly Agree,5= Strongly Agree,5= Strongly Agree,,5= Strongly Agree,5= Strongly Agree,5= Strongly Agree,5= Strongly Agree
12/13/2025 18:02:28,"Yes, I agree",4 = Agree,Medium (51–250 employees),Female,30-40,Bachelor's degree,7-10 years,5= Strongly Agree,5= Strongly Agree,5= Strongly Agree,5= Strongly Agree,5= Strongly Agree,5= Strongly Agree,5= Strongly Agree,5= Strongly Agree,5= Strongly Agree,5= Strongly Agree,5= Strongly Agree,5= Strongly Agree,5= Strongly Agree,5= Strongly Agree,5= Strongly Agree,5= Strongly Agree,5= Strongly Agree,5= Strongly Agree,5= Strongly Agree,5= Strongly Agree,5= Strongly Agree,,5= Strongly Agree,5= Strongly Agree,5= Strongly Agree,5= Strongly Agree
12/13/2025 18:03:24,"Yes, I agree",5 = Strongly Agree,Large (more than 250 employees),Female,30-40,Bachelor's degree,more than 10 years,5= Strongly Agree,5= Strongly Agree,5= Strongly Agree,5= Strongly Agree,5= Strongly Agree,5= Strongly Agree,5= Strongly Agree,5= Strongly Agree,5= Strongly Agree,5= Strongly Agree,5= Strongly Agree,5= Strongly Agree,5= Strongly Agree,5= Strongly Agree,5= Strongly Agree,5= Strongly Agree,5= Strongly Agree,5= Strongly Agree,5= Strongly Agree,5= Strongly Agree,5= Strongly Agree,,5= Strongly Agree,5= Strongly Agree,5= Strongly Agree,5= Strongly Agree
12/13/2025 18:05:23,"Yes, I agree",5 = Strongly Agree,Medium (51–250 employees),Female,30-40,Bachelor's degree,7-10 years,5= Strongly Agree,5= Strongly Agree,5= Strongly Agree,5= Strongly Agree,5= Strongly Agree,5= Strongly Agree,5= Strongly Agree,5= Strongly Agree,5= Strongly Agree,5= Strongly Agree,5= Strongly Agree,5= Strongly Agree,5= Strongly Agree,5= Strongly Agree,5= Strongly Agree,5= Strongly Agree,5= Strongly Agree,5= Strongly Agree,5= Strongly Agree,5= Strongly Agree,5= Strongly Agree,,5= Strongly Agree,5= Strongly Agree,5= Strongly Agree,5= Strongly Agree
12/13/2025 18:06:49,"Yes, I agree",5 = Strongly Agree,Medium (51–250 employees),Female,40-50,Master's degree,more than 10 years,4 = Agree,4-= Agree,5= Strongly Agree,5= Strongly Agree,5= Strongly Agree,4 = Agree,4 = Agree,4 = Agree,4 = Agree,4 = Agree,5= Strongly Agree,5= Strongly Agree,4 = Agree,5= Strongly Agree,5= Strongly Agree,5= Strongly Agree,5= Strongly Agree,5= Strongly Agree,5= Strongly Agree,5= Strongly Agree,5= Strongly Agree,,5= Strongly Agree,5= Strongly Agree,5= Strongly Agree,5= Strongly Agree
12/13/2025 18:08:11,"Yes, I agree",5 = Strongly Agree,Large (more than 250 employees),Male,30-40,Master's degree,more than 10 years,5= Strongly Agree,5= Strongly Agree,4 = Agree,5= Strongly Agree,5= Strongly Agree,5= Strongly Agree,5= Strongly Agree,4 = Agree,4 = Agree,5= Strongly Agree,5= Strongly Agree,5= Strongly Agree,5= Strongly Agree,5= Strongly Agree,5= Strongly Agree,5= Strongly Agree,5= Strongly Agree,5= Strongly Agree,4 = Agree,5= Strongly Agree,5= Strongly Agree,,5= Strongly Agree,5= Strongly Agree,5= Strongly Agree,5= Strongly Agree
12/13/2025 18:09:19,"Yes, I agree",5 = Strongly Agree,Medium (51–250 employees),Male,40-50,Master's degree,more than 10 years,5= Strongly Agree,5= Strongly Agree,4 = Agree,5= Strongly Agree,5= Strongly Agree,5= Strongly Agree,5= Strongly Agree,5= Strongly Agree,5= Strongly Agree,5= Strongly Agree,4 = Agree,5= Strongly Agree,5= Strongly Agree,5= Strongly Agree,5= Strongly Agree,5= Strongly Agree,5= Strongly Agree,5= Strongly Agree,5= Strongly Agree,5= Strongly Agree,5= Strongly Agree,,5= Strongly Agree,5= Strongly Agree,5= Strongly Agree,5= Strongly Agree
12/13/2025 18:10:06,"Yes, I agree",5 = Strongly Agree,Medium (51–250 employees),Male,30-40,Bachelor's degree,7-10 years,5= Strongly Agree,4-= Agree,4 = Agree,5= Strongly Agree,5= Strongly Agree,5= Strongly Agree,5= Strongly Agree,5= Strongly Agree,5= Strongly Agree,5= Strongly Agree,5= Strongly Agree,5= Strongly Agree,5= Strongly Agree,5= Strongly Agree,5= Strongly Agree,5= Strongly Agree,5= Strongly Agree,5= Strongly Agree,5= Strongly Agree,5= Strongly Agree,5= Strongly Agree,,5= Strongly Agree,5= Strongly Agree,5= Strongly Agree,5= Strongly Agree
12/13/2025 18:11:52,"Yes, I agree",3 = Neutral,Medium (51–250 employees),Male,18-30,Bachelor's degree,4-6 years,1=  Strongly Disagree,1=  Strongly Disagree,1=  Strongly Disagree,1=  Strongly Disagree,1=  Strongly Disagree,1=  Strongly Disagree,1=  Strongly Disagree,1=  Strongly Disagree,1=  Strongly Disagree,1=  Strongly Disagree,1=  Strongly Disagree,1=  Strongly Disagree,1=  Strongly Disagree,1=  Strongly Disagree,1=  Strongly Disagree,1=  Strongly Disagree,1=  Strongly Disagree,1=  Strongly Disagree,1=  Strongly Disagree,1=  Strongly Disagree,1=  Strongly Disagree,,1=  Strongly Disagree,1=  Strongly Disagree,1=  Strongly Disagree,1=  Strongly Disagree
12/13/2025 18:12:45,"Yes, I agree",4 = Agree,Large (more than 250 employees),Male,40-50,Master's degree,more than 10 years,2= Disagree,2= Disagree,2= Disagree,2= Disagree,3= Neutral,2= Disagree,3= Neutral,2= Disagree,2= Disagree,2= Disagree,2= Disagree,2= Disagree,2= Disagree,2= Disagree,2= Disagree,2= Disagree,2= Disagree,2= Disagree,2= Disagree,2= Disagree,2= Disagree,,2= Disagree,2= Disagree,2= Disagree,2= Disagree
12/13/2025 18:14:45,"Yes, I agree",5 = Strongly Agree,Large (more than 250 employees),Female,30-40,Master's degree,more than 10 years,5= Strongly Agree,5= Strongly Agree,5= Strongly Agree,5= Strongly Agree,5= Strongly Agree,5= Strongly Agree,5= Strongly Agree,5= Strongly Agree,5= Strongly Agree,5= Strongly Agree,5= Strongly Agree,5= Strongly Agree,5= Strongly Agree,5= Strongly Agree,5= Strongly Agree,5= Strongly Agree,5= Strongly Agree,5= Strongly Agree,5= Strongly Agree,5= Strongly Agree,5= Strongly Agree,,5= Strongly Agree,5= Strongly Agree,5= Strongly Agree,5= Strongly Agree
12/13/2025 18:15:49,"Yes, I agree",4 = Agree,Small (1–50 employees),Male,30-40,Bachelor's degree,more than 10 years,5= Strongly Agree,4-= Agree,4 = Agree,4 = Agree,4 = Agree,4 = Agree,4 = Agree,4 = Agree,4 = Agree,4 = Agree,5= Strongly Agree,5= Strongly Agree,4 = Agree,4 = Agree,4 = Agree,4 = Agree,4 = Agree,4 = Agree,4 = Agree,4 = Agree,4 = Agree,,4 = Agree,4 = Agree,4 = Agree,4 = Agree
12/13/2025 18:16:48,"Yes, I agree",5 = Strongly Agree,Small (1–50 employees),Male,18-30,PhD,4-6 years,5= Strongly Agree,5= Strongly Agree,5= Strongly Agree,5= Strongly Agree,5= Strongly Agree,5= Strongly Agree,5= Strongly Agree,5= Strongly Agree,5= Strongly Agree,5= Strongly Agree,5= Strongly Agree,5= Strongly Agree,5= Strongly Agree,5= Strongly Agree,5= Strongly Agree,5= Strongly Agree,5= Strongly Agree,5= Strongly Agree,5= Strongly Agree,5= Strongly Agree,5= Strongly Agree,,5= Strongly Agree,5= Strongly Agree,5= Strongly Agree,5= Strongly Agree
12/13/2025 18:17:51,"Yes, I agree",4 = Agree,Medium (51–250 employees),Female,30-40,Master's degree,more than 10 years,5= Strongly Agree,3= Neutral,4 = Agree,3= Neutral,3= Neutral,3= Neutral,3= Neutral,3= Neutral,3= Neutral,3= Neutral,3= Neutral,3= Neutral,3= Neutral,3= Neutral,3= Neutral,3= Neutral,3= Neutral,3= Neutral,3= Neutral,3= Neutral,3= Neutral,,3= Neutral,3= Neutral,3= Neutral,3= Neutral
12/13/2025 18:18:43,"Yes, I agree",4 = Agree,Small (1–50 employees),Male,40-50,PhD,more than 10 years,3= Neutral,3= Neutral,5= Strongly Agree,5= Strongly Agree,5= Strongly Agree,5= Strongly Agree,5= Strongly Agree,5= Strongly Agree,5= Strongly Agree,5= Strongly Agree,5= Strongly Agree,5= Strongly Agree,5= Strongly Agree,5= Strongly Agree,5= Strongly Agree,5= Strongly Agree,5= Strongly Agree,5= Strongly Agree,5= Strongly Agree,5= Strongly Agree,5= Strongly Agree,,5= Strongly Agree,5= Strongly Agree,5= Strongly Agree,5= Strongly Agree
12/13/2025 18:19:36,"Yes, I agree",5 = Strongly Agree,Small (1–50 employees),Male,30-40,Master's degree,7-10 years,4 = Agree,4-= Agree,4 = Agree,4 = Agree,4 = Agree,4 = Agree,4 = Agree,4 = Agree,4 = Agree,4 = Agree,4 = Agree,4 = Agree,4 = Agree,4 = Agree,4 = Agree,4 = Agree,4 = Agree,4 = Agree,4 = Agree,4 = Agree,4 = Agree,,4 = Agree,4 = Agree,4 = Agree,4 = Agree
12/13/2025 18:20:32,"Yes, I agree",4 = Agree,Medium (51–250 employees),Male,30-40,Bachelor's degree,4-6 years,5= Strongly Agree,5= Strongly Agree,5= Strongly Agree,5= Strongly Agree,5= Strongly Agree,5= Strongly Agree,5= Strongly Agree,5= Strongly Agree,5= Strongly Agree,5= Strongly Agree,5= Strongly Agree,5= Strongly Agree,5= Strongly Agree,5= Strongly Agree,5= Strongly Agree,5= Strongly Agree,5= Strongly Agree,5= Strongly Agree,5= Strongly Agree,5= Strongly Agree,5= Strongly Agree,,5= Strongly Agree,5= Strongly Agree,5= Strongly Agree,5= Strongly Agree
12/13/2025 18:21:24,"Yes, I agree",4 = Agree,Large (more than 250 employees),Male,18-30,Bachelor's degree,1-3 years,5= Strongly Agree,5= Strongly Agree,5= Strongly Agree,5= Strongly Agree,5= Strongly Agree,5= Strongly Agree,5= Strongly Agree,5= Strongly Agree,5= Strongly Agree,5= Strongly Agree,5= Strongly Agree,5= Strongly Agree,5= Strongly Agree,5= Strongly Agree,5= Strongly Agree,5= Strongly Agree,5= Strongly Agree,5= Strongly Agree,5= Strongly Agree,5= Strongly Agree,5= Strongly Agree,,5= Strongly Agree,5= Strongly Agree,5= Strongly Agree,5= Strongly Agree
12/13/2025 18:22:46,"Yes, I agree",5 = Strongly Agree,Small (1–50 employees),Male,18-30,Bachelor's degree,4-6 years,5= Strongly Agree,5= Strongly Agree,5= Strongly Agree,5= Strongly Agree,5= Strongly Agree,5= Strongly Agree,5= Strongly Agree,5= Strongly Agree,5= Strongly Agree,5= Strongly Agree,5= Strongly Agree,5= Strongly Agree,5= Strongly Agree,5= Strongly Agree,5= Strongly Agree,5= Strongly Agree,5= Strongly Agree,5= Strongly Agree,5= Strongly Agree,5= Strongly Agree,5= Strongly Agree,,5= Strongly Agree,5= Strongly Agree,5= Strongly Agree,5= Strongly Agree
12/13/2025 18:24:14,"Yes, I agree",5 = Strongly Agree,Medium (51–250 employees),Male,30-40,Bachelor's degree,more than 10 years,1=  Strongly Disagree,1=  Strongly Disagree,5= Strongly Agree,5= Strongly Agree,5= Strongly Agree,5= Strongly Agree,5= Strongly Agree,5= Strongly Agree,5= Strongly Agree,5= Strongly Agree,5= Strongly Agree,5= Strongly Agree,5= Strongly Agree,5= Strongly Agree,5= Strongly Agree,5= Strongly Agree,5= Strongly Agree,5= Strongly Agree,5= Strongly Agree,5= Strongly Agree,5= Strongly Agree,,5= Strongly Agree,5= Strongly Agree,5= Strongly Agree,5= Strongly Agree
12/13/2025 18:25:59,"Yes, I agree",5 = Strongly Agree,Medium (51–250 employees),Male,30-40,Bachelor's degree,4-6 years,4 = Agree,4-= Agree,4 = Agree,5= Strongly Agree,5= Strongly Agree,5= Strongly Agree,5= Strongly Agree,5= Strongly Agree,5= Strongly Agree,5= Strongly Agree,5= Strongly Agree,5= Strongly Agree,5= Strongly Agree,5= Strongly Agree,5= Strongly Agree,5= Strongly Agree,5= Strongly Agree,5= Strongly Agree,5= Strongly Agree,5= Strongly Agree,5= Strongly Agree,,5= Strongly Agree,5= Strongly Agree,5= Strongly Agree,5= Strongly Agree
12/13/2025 18:29:30,"Yes, I agree",5 = Strongly Agree,Small (1–50 employees),Male,30-40,Bachelor's degree,7-10 years,5= Strongly Agree,5= Strongly Agree,5= Strongly Agree,5= Strongly Agree,5= Strongly Agree,5= Strongly Agree,5= Strongly Agree,5= Strongly Agree,5= Strongly Agree,5= Strongly Agree,5= Strongly Agree,5= Strongly Agree,5= Strongly Agree,5= Strongly Agree,5= Strongly Agree,5= Strongly Agree,5= Strongly Agree,5= Strongly Agree,5= Strongly Agree,5= Strongly Agree,5= Strongly Agree,,5= Strongly Agree,5= Strongly Agree,5= Strongly Agree,5= Strongly Agree
12/13/2025 18:30:50,"Yes, I agree",4 = Agree,Medium (51–250 employees),Male,30-40,Other,more than 10 years,4 = Agree,5= Strongly Agree,5= Strongly Agree,5= Strongly Agree,5= Strongly Agree,5= Strongly Agree,5= Strongly Agree,5= Strongly Agree,5= Strongly Agree,5= Strongly Agree,5= Strongly Agree,5= Strongly Agree,5= Strongly Agree,5= Strongly Agree,5= Strongly Agree,5= Strongly Agree,5= Strongly Agree,5= Strongly Agree,5= Strongly Agree,5= Strongly Agree,5= Strongly Agree,,5= Strongly Agree,5= Strongly Agree,5= Strongly Agree,5= Strongly Agree
12/13/2025 18:31:41,"Yes, I agree",5 = Strongly Agree,Small (1–50 employees),Female,18-30,Bachelor's degree,4-6 years,1=  Strongly Disagree,1=  Strongly Disagree,1=  Strongly Disagree,1=  Strongly Disagree,1=  Strongly Disagree,1=  Strongly Disagree,1=  Strongly Disagree,1=  Strongly Disagree,1=  Strongly Disagree,1=  Strongly Disagree,1=  Strongly Disagree,1=  Strongly Disagree,1=  Strongly Disagree,1=  Strongly Disagree,1=  Strongly Disagree,1=  Strongly Disagree,1=  Strongly Disagree,1=  Strongly Disagree,1=  Strongly Disagree,1=  Strongly Disagree,1=  Strongly Disagree,,1=  Strongly Disagree,1=  Strongly Disagree,1=  Strongly Disagree,1=  Strongly Disagree
12/13/2025 18:32:57,"Yes, I agree",5 = Strongly Agree,Small (1–50 employees),Male,18-30,Master's degree,7-10 years,5= Strongly Agree,5= Strongly Agree,5= Strongly Agree,5= Strongly Agree,5= Strongly Agree,5= Strongly Agree,5= Strongly Agree,5= Strongly Agree,5= Strongly Agree,5= Strongly Agree,5= Strongly Agree,5= Strongly Agree,5= Strongly Agree,5= Strongly Agree,5= Strongly Agree,5= Strongly Agree,5= Strongly Agree,5= Strongly Agree,5= Strongly Agree,5= Strongly Agree,5= Strongly Agree,,5= Strongly Agree,5= Strongly Agree,5= Strongly Agree,5= Strongly Agree
12/13/2025 18:33:54,"Yes, I agree",5 = Strongly Agree,Medium (51–250 employees),Male,50-60,PhD,more than 10 years,5= Strongly Agree,5= Strongly Agree,5= Strongly Agree,5= Strongly Agree,5= Strongly Agree,5= Strongly Agree,5= Strongly Agree,5= Strongly Agree,5= Strongly Agree,5= Strongly Agree,5= Strongly Agree,5= Strongly Agree,5= Strongly Agree,5= Strongly Agree,5= Strongly Agree,5= Strongly Agree,5= Strongly Agree,5= Strongly Agree,5= Strongly Agree,5= Strongly Agree,5= Strongly Agree,,5= Strongly Agree,5= Strongly Agree,5= Strongly Agree,5= Strongly Agree
12/13/2025 18:34:53,"Yes, I agree",5 = Strongly Agree,Medium (51–250 employees),Male,30-40,Master's degree,more than 10 years,5= Strongly Agree,5= Strongly Agree,5= Strongly Agree,5= Strongly Agree,5= Strongly Agree,5= Strongly Agree,5= Strongly Agree,5= Strongly Agree,5= Strongly Agree,5= Strongly Agree,5= Strongly Agree,5= Strongly Agree,5= Strongly Agree,5= Strongly Agree,5= Strongly Agree,5= Strongly Agree,5= Strongly Agree,5= Strongly Agree,5= Strongly Agree,5= Strongly Agree,5= Strongly Agree,,5= Strongly Agree,5= Strongly Agree,5= Strongly Agree,5= Strongly Agree
12/13/2025 18:46:02,"Yes, I agree",5 = Strongly Agree,Medium (51–250 employees),Male,30-40,Bachelor's degree,7-10 years,5= Strongly Agree,5= Strongly Agree,4 = Agree,5= Strongly Agree,5= Strongly Agree,5= Strongly Agree,5= Strongly Agree,5= Strongly Agree,5= Strongly Agree,5= Strongly Agree,5= Strongly Agree,5= Strongly Agree,5= Strongly Agree,5= Strongly Agree,5= Strongly Agree,5= Strongly Agree,5= Strongly Agree,5= Strongly Agree,5= Strongly Agree,5= Strongly Agree,5= Strongly Agree,,5= Strongly Agree,5= Strongly Agree,5= Strongly Agree,5= Strongly Agree
12/13/2025 18:46:59,"Yes, I agree",5 = Strongly Agree,Large (more than 250 employees),Female,30-40,Other,more than 10 years,5= Strongly Agree,5= Strongly Agree,5= Strongly Agree,5= Strongly Agree,5= Strongly Agree,5= Strongly Agree,5= Strongly Agree,5= Strongly Agree,5= Strongly Agree,5= Strongly Agree,5= Strongly Agree,5= Strongly Agree,5= Strongly Agree,5= Strongly Agree,5= Strongly Agree,5= Strongly Agree,5= Strongly Agree,5= Strongly Agree,5= Strongly Agree,5= Strongly Agree,5= Strongly Agree,,5= Strongly Agree,5= Strongly Agree,5= Strongly Agree,5= Strongly Agree
12/13/2025 18:47:51,"Yes, I agree",5 = Strongly Agree,Medium (51–250 employees),Male,30-40,Bachelor's degree,7-10 years,5= Strongly Agree,5= Strongly Agree,5= Strongly Agree,5= Strongly Agree,5= Strongly Agree,5= Strongly Agree,5= Strongly Agree,5= Strongly Agree,5= Strongly Agree,5= Strongly Agree,5= Strongly Agree,5= Strongly Agree,5= Strongly Agree,5= Strongly Agree,5= Strongly Agree,5= Strongly Agree,5= Strongly Agree,5= Strongly Agree,5= Strongly Agree,5= Strongly Agree,5= Strongly Agree,,5= Strongly Agree,5= Strongly Agree,5= Strongly Agree,5= Strongly Agree
12/13/2025 18:48:44,"Yes, I agree",5 = Strongly Agree,Large (more than 250 employees),Male,30-40,Master's degree,more than 10 years,5= Strongly Agree,5= Strongly Agree,5= Strongly Agree,5= Strongly Agree,5= Strongly Agree,5= Strongly Agree,5= Strongly Agree,5= Strongly Agree,5= Strongly Agree,5= Strongly Agree,5= Strongly Agree,5= Strongly Agree,5= Strongly Agree,5= Strongly Agree,5= Strongly Agree,5= Strongly Agree,5= Strongly Agree,5= Strongly Agree,5= Strongly Agree,5= Strongly Agree,5= Strongly Agree,,5= Strongly Agree,5= Strongly Agree,5= Strongly Agree,5= Strongly Agree
12/13/2025 18:50:06,"Yes, I agree",5 = Strongly Agree,Medium (51–250 employees),Male,18-30,Other,more than 10 years,5= Strongly Agree,5= Strongly Agree,5= Strongly Agree,5= Strongly Agree,5= Strongly Agree,5= Strongly Agree,5= Strongly Agree,5= Strongly Agree,5= Strongly Agree,5= Strongly Agree,5= Strongly Agree,5= Strongly Agree,5= Strongly Agree,5= Strongly Agree,5= Strongly Agree,5= Strongly Agree,5= Strongly Agree,5= Strongly Agree,5= Strongly Agree,5= Strongly Agree,5= Strongly Agree,,5= Strongly Agree,5= Strongly Agree,5= Strongly Agree,5= Strongly Agree
12/13/2025 19:10:25,"Yes, I agree",4 = Agree,Medium (51–250 employees),Male,30-40,Master's degree,more than 10 years,5= Strongly Agree,5= Strongly Agree,5= Strongly Agree,5= Strongly Agree,5= Strongly Agree,5= Strongly Agree,5= Strongly Agree,5= Strongly Agree,5= Strongly Agree,5= Strongly Agree,5= Strongly Agree,5= Strongly Agree,5= Strongly Agree,5= Strongly Agree,5= Strongly Agree,5= Strongly Agree,5= Strongly Agree,5= Strongly Agree,5= Strongly Agree,5= Strongly Agree,5= Strongly Agree,,5= Strongly Agree,5= Strongly Agree,5= Strongly Agree,5= Strongly Agree
12/13/2025 19:11:10,"Yes, I agree",5 = Strongly Agree,Small (1–50 employees),Male,18-30,Bachelor's degree,1-3 years,5= Strongly Agree,5= Strongly Agree,5= Strongly Agree,5= Strongly Agree,5= Strongly Agree,5= Strongly Agree,5= Strongly Agree,5= Strongly Agree,5= Strongly Agree,5= Strongly Agree,5= Strongly Agree,5= Strongly Agree,5= Strongly Agree,5= Strongly Agree,5= Strongly Agree,5= Strongly Agree,5= Strongly Agree,5= Strongly Agree,5= Strongly Agree,5= Strongly Agree,5= Strongly Agree,,5= Strongly Agree,5= Strongly Agree,5= Strongly Agree,5= Strongly Agree
12/13/2025 19:11:59,"Yes, I agree",4 = Agree,Large (more than 250 employees),Male,18-30,Bachelor's degree,1-3 years,4 = Agree,4-= Agree,4 = Agree,4 = Agree,4 = Agree,4 = Agree,4 = Agree,4 = Agree,4 = Agree,4 = Agree,4 = Agree,4 = Agree,4 = Agree,4 = Agree,4 = Agree,4 = Agree,4 = Agree,4 = Agree,4 = Agree,4 = Agree,4 = Agree,,4 = Agree,4 = Agree,4 = Agree,4 = Agree
12/13/2025 19:12:52,"Yes, I agree",5 = Strongly Agree,Medium (51–250 employees),Female,40-50,Master's degree,more than 10 years,3= Neutral,3= Neutral,3= Neutral,3= Neutral,3= Neutral,3= Neutral,3= Neutral,3= Neutral,3= Neutral,3= Neutral,3= Neutral,3= Neutral,3= Neutral,3= Neutral,3= Neutral,3= Neutral,3= Neutral,3= Neutral,3= Neutral,3= Neutral,3= Neutral,,3= Neutral,3= Neutral,3= Neutral,3= Neutral
12/13/2025 19:13:42,"Yes, I agree",5 = Strongly Agree,Medium (51–250 employees),Male,30-40,Master's degree,7-10 years,5= Strongly Agree,5= Strongly Agree,5= Strongly Agree,5= Strongly Agree,5= Strongly Agree,5= Strongly Agree,5= Strongly Agree,5= Strongly Agree,5= Strongly Agree,5= Strongly Agree,5= Strongly Agree,5= Strongly Agree,5= Strongly Agree,5= Strongly Agree,5= Strongly Agree,5= Strongly Agree,5= Strongly Agree,5= Strongly Agree,5= Strongly Agree,5= Strongly Agree,5= Strongly Agree,,5= Strongly Agree,5= Strongly Agree,5= Strongly Agree,5= Strongly Agree
12/13/2025 19:14:26,"Yes, I agree",5 = Strongly Agree,Medium (51–250 employees),Male,30-40,Master's degree,more than 10 years,5= Strongly Agree,5= Strongly Agree,5= Strongly Agree,5= Strongly Agree,5= Strongly Agree,5= Strongly Agree,5= Strongly Agree,5= Strongly Agree,5= Strongly Agree,5= Strongly Agree,5= Strongly Agree,5= Strongly Agree,5= Strongly Agree,5= Strongly Agree,5= Strongly Agree,5= Strongly Agree,5= Strongly Agree,5= Strongly Agree,5= Strongly Agree,5= Strongly Agree,5= Strongly Agree,,5= Strongly Agree,5= Strongly Agree,5= Strongly Agree,5= Strongly Agree
12/13/2025 19:15:16,"Yes, I agree",4 = Agree,Small (1–50 employees),Male,18-30,Bachelor's degree,7-10 years,4 = Agree,4-= Agree,4 = Agree,4 = Agree,4 = Agree,4 = Agree,4 = Agree,4 = Agree,4 = Agree,4 = Agree,4 = Agree,4 = Agree,4 = Agree,4 = Agree,4 = Agree,4 = Agree,4 = Agree,4 = Agree,4 = Agree,4 = Agree,4 = Agree,,4 = Agree,4 = Agree,4 = Agree,4 = Agree
12/13/2025 19:16:11,"Yes, I agree",4 = Agree,Medium (51–250 employees),Male,30-40,Bachelor's degree,7-10 years,5= Strongly Agree,5= Strongly Agree,5= Strongly Agree,5= Strongly Agree,5= Strongly Agree,5= Strongly Agree,5= Strongly Agree,5= Strongly Agree,5= Strongly Agree,5= Strongly Agree,5= Strongly Agree,5= Strongly Agree,5= Strongly Agree,5= Strongly Agree,5= Strongly Agree,5= Strongly Agree,5= Strongly Agree,5= Strongly Agree,4 = Agree,5= Strongly Agree,5= Strongly Agree,,5= Strongly Agree,5= Strongly Agree,5= Strongly Agree,5= Strongly Agree
12/13/2025 19:17:08,"Yes, I agree",5 = Strongly Agree,Small (1–50 employees),Male,40-50,PhD,more than 10 years,2= Disagree,2= Disagree,2= Disagree,2= Disagree,2= Disagree,2= Disagree,2= Disagree,2= Disagree,2= Disagree,2= Disagree,2= Disagree,2= Disagree,2= Disagree,2= Disagree,2= Disagree,2= Disagree,2= Disagree,2= Disagree,2= Disagree,2= Disagree,2= Disagree,,2= Disagree,2= Disagree,2= Disagree,2= Disagree
12/13/2025 19:18:02,"Yes, I agree",5 = Strongly Agree,Medium (51–250 employees),Female,18-30,Bachelor's degree,4-6 years,4 = Agree,4-= Agree,4 = Agree,4 = Agree,4 = Agree,4 = Agree,4 = Agree,4 = Agree,4 = Agree,4 = Agree,4 = Agree,4 = Agree,4 = Agree,4 = Agree,4 = Agree,4 = Agree,4 = Agree,4 = Agree,4 = Agree,4 = Agree,4 = Agree,,4 = Agree,4 = Agree,4 = Agree,4 = Agree
12/13/2025 19:18:59,"Yes, I agree",4 = Agree,Large (more than 250 employees),Male,30-40,Master's degree,more than 10 years,5= Strongly Agree,5= Strongly Agree,5= Strongly Agree,5= Strongly Agree,5= Strongly Agree,5= Strongly Agree,5= Strongly Agree,5= Strongly Agree,5= Strongly Agree,5= Strongly Agree,5= Strongly Agree,5= Strongly Agree,5= Strongly Agree,5= Strongly Agree,5= Strongly Agree,5= Strongly Agree,5= Strongly Agree,5= Strongly Agree,5= Strongly Agree,5= Strongly Agree,5= Strongly Agree,,5= Strongly Agree,5= Strongly Agree,5= Strongly Agree,5= Strongly Agree
12/13/2025 19:20:19,"Yes, I agree",5 = Strongly Agree,Large (more than 250 employees),Male,18-30,Bachelor's degree,1-3 years,5= Strongly Agree,5= Strongly Agree,5= Strongly Agree,5= Strongly Agree,5= Strongly Agree,5= Strongly Agree,5= Strongly Agree,5= Strongly Agree,5= Strongly Agree,5= Strongly Agree,5= Strongly Agree,5= Strongly Agree,5= Strongly Agree,5= Strongly Agree,5= Strongly Agree,5= Strongly Agree,5= Strongly Agree,5= Strongly Agree,5= Strongly Agree,5= Strongly Agree,5= Strongly Agree,,5= Strongly Agree,5= Strongly Agree,5= Strongly Agree,5= Strongly Agree
12/13/2025 19:21:21,"Yes, I agree",5 = Strongly Agree,Medium (51–250 employees),Male,30-40,Other,more than 10 years,5= Strongly Agree,5= Strongly Agree,5= Strongly Agree,5= Strongly Agree,5= Strongly Agree,5= Strongly Agree,5= Strongly Agree,5= Strongly Agree,5= Strongly Agree,5= Strongly Agree,5= Strongly Agree,5= Strongly Agree,5= Strongly Agree,5= Strongly Agree,5= Strongly Agree,5= Strongly Agree,5= Strongly Agree,5= Strongly Agree,5= Strongly Agree,5= Strongly Agree,5= Strongly Agree,,5= Strongly Agree,5= Strongly Agree,5= Strongly Agree,5= Strongly Agree
12/13/2025 19:22:23,"Yes, I agree",5 = Strongly Agree,Large (more than 250 employees),Female,30-40,Bachelor's degree,4-6 years,4 = Agree,4-= Agree,4 = Agree,4 = Agree,4 = Agree,4 = Agree,4 = Agree,4 = Agree,4 = Agree,4 = Agree,4 = Agree,4 = Agree,4 = Agree,4 = Agree,4 = Agree,4 = Agree,4 = Agree,4 = Agree,4 = Agree,4 = Agree,4 = Agree,,4 = Agree,4 = Agree,4 = Agree,4 = Agree
12/13/2025 19:23:19,"Yes, I agree",5 = Strongly Agree,Small (1–50 employees),Male,18-30,Bachelor's degree,1-3 years,5= Strongly Agree,5= Strongly Agree,5= Strongly Agree,5= Strongly Agree,5= Strongly Agree,5= Strongly Agree,5= Strongly Agree,5= Strongly Agree,5= Strongly Agree,5= Strongly Agree,5= Strongly Agree,5= Strongly Agree,5= Strongly Agree,5= Strongly Agree,5= Strongly Agree,5= Strongly Agree,5= Strongly Agree,5= Strongly Agree,5= Strongly Agree,5= Strongly Agree,5= Strongly Agree,,5= Strongly Agree,5= Strongly Agree,5= Strongly Agree,5= Strongly Agree
12/13/2025 19:24:12,"Yes, I agree",5 = Strongly Agree,Large (more than 250 employees),Female,30-40,Master's degree,7-10 years,5= Strongly Agree,5= Strongly Agree,5= Strongly Agree,5= Strongly Agree,5= Strongly Agree,5= Strongly Agree,5= Strongly Agree,5= Strongly Agree,5= Strongly Agree,5= Strongly Agree,5= Strongly Agree,5= Strongly Agree,5= Strongly Agree,5= Strongly Agree,5= Strongly Agree,5= Strongly Agree,5= Strongly Agree,5= Strongly Agree,5= Strongly Agree,5= Strongly Agree,5= Strongly Agree,,5= Strongly Agree,5= Strongly Agree,5= Strongly Agree,5= Strongly Agree
12/13/2025 19:25:12,"Yes, I agree",5 = Strongly Agree,Medium (51–250 employees),Male,18-30,Bachelor's degree,7-10 years,4 = Agree,3= Neutral,4 = Agree,4 = Agree,3= Neutral,4 = Agree,4 = Agree,4 = Agree,3= Neutral,4 = Agree,4 = Agree,4 = Agree,4 = Agree,4 = Agree,4 = Agree,4 = Agree,4 = Agree,4 = Agree,4 = Agree,4 = Agree,4 = Agree,,4 = Agree,4 = Agree,4 = Agree,4 = Agree
12/13/2025 19:26:03,"Yes, I agree",5 = Strongly Agree,Large (more than 250 employees),Female,30-40,Other,more than 10 years,5= Strongly Agree,5= Strongly Agree,5= Strongly Agree,5= Strongly Agree,5= Strongly Agree,5= Strongly Agree,5= Strongly Agree,5= Strongly Agree,5= Strongly Agree,5= Strongly Agree,5= Strongly Agree,5= Strongly Agree,5= Strongly Agree,5= Strongly Agree,5= Strongly Agree,5= Strongly Agree,5= Strongly Agree,5= Strongly Agree,5= Strongly Agree,5= Strongly Agree,5= Strongly Agree,,5= Strongly Agree,5= Strongly Agree,5= Strongly Agree,5= Strongly Agree
12/13/2025 19:27:19,"Yes, I agree",5 = Strongly Agree,Medium (51–250 employees),Male,30-40,Master's degree,more than 10 years,5= Strongly Agree,5= Strongly Agree,5= Strongly Agree,5= Strongly Agree,5= Strongly Agree,5= Strongly Agree,5= Strongly Agree,5= Strongly Agree,5= Strongly Agree,5= Strongly Agree,5= Strongly Agree,5= Strongly Agree,5= Strongly Agree,5= Strongly Agree,5= Strongly Agree,5= Strongly Agree,5= Strongly Agree,5= Strongly Agree,5= Strongly Agree,5= Strongly Agree,5= Strongly Agree,,5= Strongly Agree,5= Strongly Agree,5= Strongly Agree,5= Strongly Agree
12/13/2025 19:28:09,"Yes, I agree",5 = Strongly Agree,Medium (51–250 employees),Male,30-40,Master's degree,7-10 years,5= Strongly Agree,5= Strongly Agree,5= Strongly Agree,5= Strongly Agree,5= Strongly Agree,5= Strongly Agree,5= Strongly Agree,5= Strongly Agree,5= Strongly Agree,5= Strongly Agree,5= Strongly Agree,5= Strongly Agree,5= Strongly Agree,5= Strongly Agree,5= Strongly Agree,5= Strongly Agree,5= Strongly Agree,5= Strongly Agree,5= Strongly Agree,5= Strongly Agree,5= Strongly Agree,,5= Strongly Agree,5= Strongly Agree,5= Strongly Agree,5= Strongly Agree
12/13/2025 19:28:59,"Yes, I agree",5 = Strongly Agree,Small (1–50 employees),Male,30-40,PhD,more than 10 years,5= Strongly Agree,4-= Agree,4 = Agree,5= Strongly Agree,4 = Agree,5= Strongly Agree,5= Strongly Agree,5= Strongly Agree,5= Strongly Agree,5= Strongly Agree,5= Strongly Agree,5= Strongly Agree,4 = Agree,4 = Agree,4 = Agree,4 = Agree,5= Strongly Agree,5= Strongly Agree,5= Strongly Agree,5= Strongly Agree,5= Strongly Agree,,5= Strongly Agree,5= Strongly Agree,5= Strongly Agree,5= Strongly Agree
12/13/2025 19:29:54,"Yes, I agree",5 = Strongly Agree,Large (more than 250 employees),Male,30-40,Bachelor's degree,7-10 years,5= Strongly Agree,5= Strongly Agree,5= Strongly Agree,5= Strongly Agree,5= Strongly Agree,5= Strongly Agree,5= Strongly Agree,5= Strongly Agree,5= Strongly Agree,5= Strongly Agree,5= Strongly Agree,5= Strongly Agree,5= Strongly Agree,5= Strongly Agree,5= Strongly Agree,5= Strongly Agree,5= Strongly Agree,5= Strongly Agree,5= Strongly Agree,5= Strongly Agree,5= Strongly Agree,,5= Strongly Agree,5= Strongly Agree,5= Strongly Agree,5= Strongly Agree
12/13/2025 19:30:52,"Yes, I agree",5 = Strongly Agree,Medium (51–250 employees),Female,30-40,Bachelor's degree,more than 10 years,5= Strongly Agree,5= Strongly Agree,5= Strongly Agree,5= Strongly Agree,5= Strongly Agree,5= Strongly Agree,5= Strongly Agree,5= Strongly Agree,5= Strongly Agree,5= Strongly Agree,5= Strongly Agree,5= Strongly Agree,5= Strongly Agree,5= Strongly Agree,5= Strongly Agree,5= Strongly Agree,5= Strongly Agree,5= Strongly Agree,5= Strongly Agree,5= Strongly Agree,5= Strongly Agree,,5= Strongly Agree,5= Strongly Agree,5= Strongly Agree,5= Strongly Agree
12/13/2025 19:31:44,"Yes, I agree",5 = Strongly Agree,Large (more than 250 employees),Male,40-50,PhD,more than 10 years,4 = Agree,5= Strongly Agree,5= Strongly Agree,4 = Agree,4 = Agree,5= Strongly Agree,5= Strongly Agree,5= Strongly Agree,4 = Agree,5= Strongly Agree,5= Strongly Agree,5= Strongly Agree,5= Strongly Agree,5= Strongly Agree,5= Strongly Agree,5= Strongly Agree,5= Strongly Agree,5= Strongly Agree,4 = Agree,4 = Agree,4 = Agree,,5= Strongly Agree,5= Strongly Agree,5= Strongly Agree,4 = Agree
12/13/2025 19:32:40,"Yes, I agree",5 = Strongly Agree,Large (more than 250 employees),Male,30-40,PhD,more than 10 years,5= Strongly Agree,5= Strongly Agree,5= Strongly Agree,5= Strongly Agree,5= Strongly Agree,5= Strongly Agree,5= Strongly Agree,5= Strongly Agree,5= Strongly Agree,5= Strongly Agree,5= Strongly Agree,5= Strongly Agree,5= Strongly Agree,5= Strongly Agree,5= Strongly Agree,5= Strongly Agree,5= Strongly Agree,5= Strongly Agree,5= Strongly Agree,3= Neutral,3= Neutral,,3= Neutral,3= Neutral,3= Neutral,3= Neutral
12/13/2025 19:33:38,"Yes, I agree",5 = Strongly Agree,Medium (51–250 employees),Male,30-40,PhD,more than 10 years,5= Strongly Agree,5= Strongly Agree,5= Strongly Agree,5= Strongly Agree,5= Strongly Agree,5= Strongly Agree,5= Strongly Agree,5= Strongly Agree,5= Strongly Agree,5= Strongly Agree,5= Strongly Agree,5= Strongly Agree,5= Strongly Agree,5= Strongly Agree,5= Strongly Agree,5= Strongly Agree,5= Strongly Agree,5= Strongly Agree,5= Strongly Agree,5= Strongly Agree,5= Strongly Agree,,5= Strongly Agree,5= Strongly Agree,5= Strongly Agree,5= Strongly Agree
12/13/2025 19:35:06,"Yes, I agree",5 = Strongly Agree,Medium (51–250 employees),Male,18-30,Master's degree,4-6 years,4 = Agree,5= Strongly Agree,4 = Agree,5= Strongly Agree,4 = Agree,5= Strongly Agree,4 = Agree,5= Strongly Agree,4 = Agree,5= Strongly Agree,4 = Agree,5= Strongly Agree,4 = Agree,5= Strongly Agree,4 = Agree,5= Strongly Agree,4 = Agree,5= Strongly Agree,4 = Agree,5= Strongly Agree,4 = Agree,,5= Strongly Agree,4 = Agree,5= Strongly Agree,4 = Agree
12/13/2025 19:36:36,"Yes, I agree",5 = Strongly Agree,Medium (51–250 employees),Male,30-40,Master's degree,7-10 years,5= Strongly Agree,5= Strongly Agree,5= Strongly Agree,5= Strongly Agree,5= Strongly Agree,5= Strongly Agree,5= Strongly Agree,5= Strongly Agree,5= Strongly Agree,5= Strongly Agree,5= Strongly Agree,5= Strongly Agree,5= Strongly Agree,5= Strongly Agree,5= Strongly Agree,5= Strongly Agree,5= Strongly Agree,5= Strongly Agree,5= Strongly Agree,5= Strongly Agree,5= Strongly Agree,,5= Strongly Agree,5= Strongly Agree,5= Strongly Agree,5= Strongly Agree
12/13/2025 19:37:24,"Yes, I agree",5 = Strongly Agree,Large (more than 250 employees),Female,30-40,Bachelor's degree,more than 10 years,5= Strongly Agree,5= Strongly Agree,5= Strongly Agree,5= Strongly Agree,5= Strongly Agree,5= Strongly Agree,5= Strongly Agree,5= Strongly Agree,5= Strongly Agree,5= Strongly Agree,5= Strongly Agree,5= Strongly Agree,5= Strongly Agree,5= Strongly Agree,5= Strongly Agree,5= Strongly Agree,5= Strongly Agree,5= Strongly Agree,5= Strongly Agree,5= Strongly Agree,5= Strongly Agree,,5= Strongly Agree,5= Strongly Agree,5= Strongly Agree,5= Strongly Agree
12/13/2025 19:38:17,"Yes, I agree",5 = Strongly Agree,Medium (51–250 employees),Male,40-50,PhD,more than 10 years,5= Strongly Agree,5= Strongly Agree,4 = Agree,4 = Agree,4 = Agree,4 = Agree,4 = Agree,4 = Agree,4 = Agree,4 = Agree,4 = Agree,4 = Agree,4 = Agree,4 = Agree,4 = Agree,4 = Agree,4 = Agree,4 = Agree,4 = Agree,4 = Agree,4 = Agree,,4 = Agree,4 = Agree,4 = Agree,4 = Agree
12/13/2025 19:39:07,"Yes, I agree",5 = Strongly Agree,Small (1–50 employees),Female,30-40,Master's degree,7-10 years,5= Strongly Agree,5= Strongly Agree,5= Strongly Agree,5= Strongly Agree,5= Strongly Agree,5= Strongly Agree,5= Strongly Agree,5= Strongly Agree,5= Strongly Agree,5= Strongly Agree,5= Strongly Agree,5= Strongly Agree,5= Strongly Agree,5= Strongly Agree,5= Strongly Agree,5= Strongly Agree,5= Strongly Agree,5= Strongly Agree,5= Strongly Agree,5= Strongly Agree,5= Strongly Agree,,5= Strongly Agree,5= Strongly Agree,5= Strongly Agree,5= Strongly Agree
12/13/2025 19:40:02,"Yes, I agree",5 = Strongly Agree,Medium (51–250 employees),Male,40-50,PhD,more than 10 years,5= Strongly Agree,5= Strongly Agree,5= Strongly Agree,5= Strongly Agree,5= Strongly Agree,5= Strongly Agree,5= Strongly Agree,5= Strongly Agree,5= Strongly Agree,5= Strongly Agree,5= Strongly Agree,5= Strongly Agree,5= Strongly Agree,5= Strongly Agree,5= Strongly Agree,5= Strongly Agree,5= Strongly Agree,5= Strongly Agree,5= Strongly Agree,5= Strongly Agree,5= Strongly Agree,,5= Strongly Agree,5= Strongly Agree,5= Strongly Agree,5= Strongly Agree
12/13/2025 19:40:49,"Yes, I agree",4 = Agree,Small (1–50 employees),Male,18-30,Bachelor's degree,4-6 years,2= Disagree,2= Disagree,2= Disagree,2= Disagree,2= Disagree,2= Disagree,2= Disagree,2= Disagree,2= Disagree,2= Disagree,2= Disagree,2= Disagree,2= Disagree,2= Disagree,2= Disagree,2= Disagree,2= Disagree,2= Disagree,2= Disagree,2= Disagree,2= Disagree,,2= Disagree,2= Disagree,2= Disagree,2= Disagree
12/13/2025 19:42:07,"Yes, I agree",5 = Strongly Agree,Large (more than 250 employees),Male,30-40,Master's degree,more than 10 years,5= Strongly Agree,5= Strongly Agree,5= Strongly Agree,5= Strongly Agree,5= Strongly Agree,5= Strongly Agree,5= Strongly Agree,5= Strongly Agree,5= Strongly Agree,5= Strongly Agree,5= Strongly Agree,5= Strongly Agree,5= Strongly Agree,5= Strongly Agree,5= Strongly Agree,5= Strongly Agree,5= Strongly Agree,5= Strongly Agree,5= Strongly Agree,5= Strongly Agree,5= Strongly Agree,,5= Strongly Agree,5= Strongly Agree,5= Strongly Agree,5= Strongly Agree
12/13/2025 19:43:02,"Yes, I agree",5 = Strongly Agree,Medium (51–250 employees),Male,40-50,Bachelor's degree,more than 10 years,5= Strongly Agree,5= Strongly Agree,5= Strongly Agree,5= Strongly Agree,5= Strongly Agree,5= Strongly Agree,5= Strongly Agree,5= Strongly Agree,5= Strongly Agree,5= Strongly Agree,5= Strongly Agree,5= Strongly Agree,5= Strongly Agree,5= Strongly Agree,5= Strongly Agree,5= Strongly Agree,5= Strongly Agree,5= Strongly Agree,5= Strongly Agree,5= Strongly Agree,5= Strongly Agree,,5= Strongly Agree,5= Strongly Agree,5= Strongly Agree,5= Strongly Agree
12/13/2025 19:43:49,"Yes, I agree",5 = Strongly Agree,Medium (51–250 employees),Male,40-50,Bachelor's degree,7-10 years,5= Strongly Agree,5= Strongly Agree,5= Strongly Agree,5= Strongly Agree,5= Strongly Agree,5= Strongly Agree,5= Strongly Agree,5= Strongly Agree,5= Strongly Agree,5= Strongly Agree,5= Strongly Agree,5= Strongly Agree,5= Strongly Agree,5= Strongly Agree,5= Strongly Agree,5= Strongly Agree,5= Strongly Agree,5= Strongly Agree,5= Strongly Agree,5= Strongly Agree,5= Strongly Agree,,5= Strongly Agree,5= Strongly Agree,5= Strongly Agree,5= Strongly Agree
12/13/2025 19:44:46,"Yes, I agree",5 = Strongly Agree,Large (more than 250 employees),Male,18-30,Other,4-6 years,5= Strongly Agree,5= Strongly Agree,5= Strongly Agree,3= Neutral,5= Strongly Agree,4 = Agree,4 = Agree,4 = Agree,4 = Agree,4 = Agree,4 = Agree,4 = Agree,4 = Agree,4 = Agree,4 = Agree,4 = Agree,4 = Agree,4 = Agree,4 = Agree,4 = Agree,4 = Agree,,4 = Agree,4 = Agree,4 = Agree,4 = Agree
12/13/2025 19:46:50,"Yes, I agree",5 = Strongly Agree,Small (1–50 employees),Male,30-40,Bachelor's degree,more than 10 years,4 = Agree,4-= Agree,4 = Agree,4 = Agree,4 = Agree,4 = Agree,4 = Agree,4 = Agree,4 = Agree,4 = Agree,4 = Agree,4 = Agree,4 = Agree,4 = Agree,4 = Agree,4 = Agree,4 = Agree,4 = Agree,4 = Agree,4 = Agree,4 = Agree,,4 = Agree,4 = Agree,4 = Agree,4 = Agree
12/13/2025 19:47:40,"Yes, I agree",5 = Strongly Agree,Small (1–50 employees),Male,30-40,Master's degree,more than 10 years,5= Strongly Agree,5= Strongly Agree,5= Strongly Agree,5= Strongly Agree,5= Strongly Agree,5= Strongly Agree,5= Strongly Agree,5= Strongly Agree,5= Strongly Agree,5= Strongly Agree,5= Strongly Agree,5= Strongly Agree,5= Strongly Agree,5= Strongly Agree,5= Strongly Agree,5= Strongly Agree,5= Strongly Agree,5= Strongly Agree,5= Strongly Agree,5= Strongly Agree,5= Strongly Agree,,5= Strongly Agree,5= Strongly Agree,5= Strongly Agree,5= Strongly Agree
12/13/2025 19:49:38,"Yes, I agree",5 = Strongly Agree,Small (1–50 employees),Female,30-40,Other,more than 10 years,1=  Strongly Disagree,1=  Strongly Disagree,1=  Strongly Disagree,1=  Strongly Disagree,1=  Strongly Disagree,1=  Strongly Disagree,1=  Strongly Disagree,1=  Strongly Disagree,1=  Strongly Disagree,1=  Strongly Disagree,1=  Strongly Disagree,1=  Strongly Disagree,1=  Strongly Disagree,1=  Strongly Disagree,1=  Strongly Disagree,1=  Strongly Disagree,1=  Strongly Disagree,1=  Strongly Disagree,1=  Strongly Disagree,1=  Strongly Disagree,1=  Strongly Disagree,,1=  Strongly Disagree,1=  Strongly Disagree,1=  Strongly Disagree,1=  Strongly Disagree
12/13/2025 19:51:08,"Yes, I agree",2 = Disagree,Large (more than 250 employees),Male,30-40,Master's degree,more than 10 years,2= Disagree,2= Disagree,2= Disagree,2= Disagree,2= Disagree,2= Disagree,2= Disagree,2= Disagree,2= Disagree,2= Disagree,2= Disagree,2= Disagree,2= Disagree,2= Disagree,2= Disagree,2= Disagree,2= Disagree,2= Disagree,2= Disagree,2= Disagree,2= Disagree,,2= Disagree,2= Disagree,2= Disagree,2= Disagree
12/13/2025 19:53:28,"Yes, I agree",5 = Strongly Agree,Large (more than 250 employees),Male,18-30,Bachelor's degree,more than 10 years,3= Neutral,3= Neutral,3= Neutral,3= Neutral,3= Neutral,3= Neutral,3= Neutral,3= Neutral,3= Neutral,3= Neutral,3= Neutral,3= Neutral,3= Neutral,3= Neutral,3= Neutral,3= Neutral,3= Neutral,3= Neutral,3= Neutral,3= Neutral,3= Neutral,,3= Neutral,3= Neutral,3= Neutral,3= Neutral
12/13/2025 19:55:19,"Yes, I agree",4 = Agree,Medium (51–250 employees),Male,40-50,Master's degree,more than 10 years,5= Strongly Agree,5= Strongly Agree,5= Strongly Agree,5= Strongly Agree,5= Strongly Agree,5= Strongly Agree,5= Strongly Agree,5= Strongly Agree,5= Strongly Agree,5= Strongly Agree,5= Strongly Agree,5= Strongly Agree,5= Strongly Agree,5= Strongly Agree,5= Strongly Agree,5= Strongly Agree,5= Strongly Agree,5= Strongly Agree,5= Strongly Agree,5= Strongly Agree,5= Strongly Agree,,5= Strongly Agree,5= Strongly Agree,5= Strongly Agree,5= Strongly Agree
12/13/2025 19:56:16,"Yes, I agree",5 = Strongly Agree,Large (more than 250 employees),Male,30-40,Bachelor's degree,more than 10 years,5= Strongly Agree,5= Strongly Agree,5= Strongly Agree,5= Strongly Agree,5= Strongly Agree,5= Strongly Agree,5= Strongly Agree,5= Strongly Agree,5= Strongly Agree,5= Strongly Agree,5= Strongly Agree,5= Strongly Agree,5= Strongly Agree,5= Strongly Agree,5= Strongly Agree,5= Strongly Agree,5= Strongly Agree,5= Strongly Agree,5= Strongly Agree,5= Strongly Agree,5= Strongly Agree,,5= Strongly Agree,5= Strongly Agree,5= Strongly Agree,5= Strongly Agree
12/13/2025 19:57:23,"Yes, I agree",5 = Strongly Agree,Large (more than 250 employees),Male,40-50,Master's degree,7-10 years,4 = Agree,4-= Agree,4 = Agree,4 = Agree,4 = Agree,4 = Agree,4 = Agree,4 = Agree,4 = Agree,4 = Agree,4 = Agree,4 = Agree,4 = Agree,4 = Agree,4 = Agree,4 = Agree,4 = Agree,4 = Agree,4 = Agree,4 = Agree,4 = Agree,,4 = Agree,4 = Agree,4 = Agree,4 = Agree
12/13/2025 19:58:53,"Yes, I agree",4 = Agree,Medium (51–250 employees),Female,30-40,Master's degree,more than 10 years,5= Strongly Agree,5= Strongly Agree,5= Strongly Agree,5= Strongly Agree,5= Strongly Agree,5= Strongly Agree,5= Strongly Agree,5= Strongly Agree,5= Strongly Agree,5= Strongly Agree,5= Strongly Agree,5= Strongly Agree,5= Strongly Agree,5= Strongly Agree,5= Strongly Agree,5= Strongly Agree,5= Strongly Agree,5= Strongly Agree,5= Strongly Agree,5= Strongly Agree,5= Strongly Agree,,5= Strongly Agree,5= Strongly Agree,5= Strongly Agree,5= Strongly Agree
12/13/2025 19:59:52,"Yes, I agree",5 = Strongly Agree,Large (more than 250 employees),Female,18-30,Bachelor's degree,4-6 years,5= Strongly Agree,5= Strongly Agree,5= Strongly Agree,5= Strongly Agree,5= Strongly Agree,5= Strongly Agree,5= Strongly Agree,5= Strongly Agree,5= Strongly Agree,5= Strongly Agree,5= Strongly Agree,5= Strongly Agree,5= Strongly Agree,5= Strongly Agree,5= Strongly Agree,5= Strongly Agree,5= Strongly Agree,5= Strongly Agree,5= Strongly Agree,5= Strongly Agree,5= Strongly Agree,,5= Strongly Agree,5= Strongly Agree,5= Strongly Agree,5= Strongly Agree
12/13/2025 20:02:11,"Yes, I agree",5 = Strongly Agree,Medium (51–250 employees),Male,30-40,Master's degree,7-10 years,4 = Agree,4-= Agree,5= Strongly Agree,5= Strongly Agree,5= Strongly Agree,5= Strongly Agree,5= Strongly Agree,5= Strongly Agree,5= Strongly Agree,5= Strongly Agree,5= Strongly Agree,5= Strongly Agree,5= Strongly Agree,5= Strongly Agree,5= Strongly Agree,5= Strongly Agree,5= Strongly Agree,5= Strongly Agree,5= Strongly Agree,5= Strongly Agree,5= Strongly Agree,,5= Strongly Agree,5= Strongly Agree,5= Strongly Agree,5= Strongly Agree
12/13/2025 20:04:29,"Yes, I agree",4 = Agree,Large (more than 250 employees),Male,30-40,Bachelor's degree,7-10 years,4 = Agree,4-= Agree,4 = Agree,4 = Agree,4 = Agree,4 = Agree,4 = Agree,4 = Agree,4 = Agree,4 = Agree,5= Strongly Agree,5= Strongly Agree,5= Strongly Agree,5= Strongly Agree,5= Strongly Agree,5= Strongly Agree,5= Strongly Agree,5= Strongly Agree,5= Strongly Agree,5= Strongly Agree,5= Strongly Agree,,5= Strongly Agree,5= Strongly Agree,5= Strongly Agree,5= Strongly Agree
12/13/2025 20:07:50,"Yes, I agree",4 = Agree,Large (more than 250 employees),Female,50-60,PhD,more than 10 years,4 = Agree,5= Strongly Agree,4 = Agree,5= Strongly Agree,5= Strongly Agree,4 = Agree,5= Strongly Agree,5= Strongly Agree,4 = Agree,5= Strongly Agree,5= Strongly Agree,5= Strongly Agree,5= Strongly Agree,5= Strongly Agree,5= Strongly Agree,5= Strongly Agree,5= Strongly Agree,5= Strongly Agree,5= Strongly Agree,5= Strongly Agree,5= Strongly Agree,,5= Strongly Agree,5= Strongly Agree,5= Strongly Agree,5= Strongly Agree
12/13/2025 20:09:20,"Yes, I agree",5 = Strongly Agree,Large (more than 250 employees),Male,40-50,PhD,more than 10 years,5= Strongly Agree,5= Strongly Agree,5= Strongly Agree,5= Strongly Agree,5= Strongly Agree,4 = Agree,4 = Agree,5= Strongly Agree,5= Strongly Agree,5= Strongly Agree,5= Strongly Agree,5= Strongly Agree,5= Strongly Agree,5= Strongly Agree,5= Strongly Agree,5= Strongly Agree,5= Strongly Agree,5= Strongly Agree,5= Strongly Agree,5= Strongly Agree,5= Strongly Agree,,5= Strongly Agree,5= Strongly Agree,5= Strongly Agree,5= Strongly Agree
12/13/2025 20:10:09,"Yes, I agree",5 = Strongly Agree,Medium (51–250 employees),Female,30-40,Other,1-3 years,3= Neutral,3= Neutral,3= Neutral,5= Strongly Agree,3= Neutral,5= Strongly Agree,5= Strongly Agree,5= Strongly Agree,5= Strongly Agree,5= Strongly Agree,5= Strongly Agree,5= Strongly Agree,5= Strongly Agree,4 = Agree,5= Strongly Agree,4 = Agree,5= Strongly Agree,5= Strongly Agree,5= Strongly Agree,5= Strongly Agree,5= Strongly Agree,,5= Strongly Agree,5= Strongly Agree,5= Strongly Agree,5= Strongly Agree
12/13/2025 20:11:02,"Yes, I agree",4 = Agree,Medium (51–250 employees),Male,30-40,Bachelor's degree,7-10 years,5= Strongly Agree,4-= Agree,4 = Agree,4 = Agree,5= Strongly Agree,4 = Agree,4 = Agree,4 = Agree,5= Strongly Agree,4 = Agree,4 = Agree,4 = Agree,4 = Agree,5= Strongly Agree,5= Strongly Agree,5= Strongly Agree,5= Strongly Agree,5= Strongly Agree,5= Strongly Agree,5= Strongly Agree,5= Strongly Agree,,5= Strongly Agree,5= Strongly Agree,5= Strongly Agree,5= Strongly Agree
12/13/2025 20:11:49,"Yes, I agree",5 = Strongly Agree,Large (more than 250 employees),Male,30-40,Master's degree,7-10 years,4 = Agree,4-= Agree,5= Strongly Agree,5= Strongly Agree,5= Strongly Agree,5= Strongly Agree,5= Strongly Agree,5= Strongly Agree,5= Strongly Agree,5= Strongly Agree,5= Strongly Agree,5= Strongly Agree,5= Strongly Agree,5= Strongly Agree,5= Strongly Agree,5= Strongly Agree,5= Strongly Agree,5= Strongly Agree,5= Strongly Agree,5= Strongly Agree,5= Strongly Agree,,5= Strongly Agree,5= Strongly Agree,5= Strongly Agree,5= Strongly Agree
12/13/2025 20:12:53,"Yes, I agree",5 = Strongly Agree,Large (more than 250 employees),Male,30-40,Master's degree,more than 10 years,5= Strongly Agree,5= Strongly Agree,5= Strongly Agree,5= Strongly Agree,5= Strongly Agree,5= Strongly Agree,5= Strongly Agree,5= Strongly Agree,5= Strongly Agree,5= Strongly Agree,5= Strongly Agree,5= Strongly Agree,5= Strongly Agree,5= Strongly Agree,5= Strongly Agree,5= Strongly Agree,5= Strongly Agree,5= Strongly Agree,5= Strongly Agree,5= Strongly Agree,5= Strongly Agree,,5= Strongly Agree,5= Strongly Agree,5= Strongly Agree,5= Strongly Agree
12/13/2025 20:17:51,"Yes, I agree",5 = Strongly Agree,Large (more than 250 employees),Female,18-30,Bachelor's degree,7-10 years,4 = Agree,5= Strongly Agree,5= Strongly Agree,5= Strongly Agree,5= Strongly Agree,5= Strongly Agree,5= Strongly Agree,5= Strongly Agree,5= Strongly Agree,5= Strongly Agree,5= Strongly Agree,5= Strongly Agree,5= Strongly Agree,5= Strongly Agree,5= Strongly Agree,5= Strongly Agree,5= Strongly Agree,5= Strongly Agree,5= Strongly Agree,5= Strongly Agree,5= Strongly Agree,,5= Strongly Agree,5= Strongly Agree,5= Strongly Agree,5= Strongly Agree
12/13/2025 20:18:41,"Yes, I agree",5 = Strongly Agree,Medium (51–250 employees),Female,30-40,Bachelor's degree,4-6 years,5= Strongly Agree,5= Strongly Agree,5= Strongly Agree,5= Strongly Agree,5= Strongly Agree,5= Strongly Agree,5= Strongly Agree,5= Strongly Agree,5= Strongly Agree,5= Strongly Agree,5= Strongly Agree,5= Strongly Agree,5= Strongly Agree,5= Strongly Agree,5= Strongly Agree,5= Strongly Agree,5= Strongly Agree,5= Strongly Agree,5= Strongly Agree,5= Strongly Agree,5= Strongly Agree,,5= Strongly Agree,5= Strongly Agree,5= Strongly Agree,5= Strongly Agree
12/13/2025 20:19:32,"Yes, I agree",5 = Strongly Agree,Large (more than 250 employees),Female,30-40,Master's degree,more than 10 years,4 = Agree,4-= Agree,4 = Agree,4 = Agree,4 = Agree,4 = Agree,4 = Agree,4 = Agree,4 = Agree,4 = Agree,4 = Agree,4 = Agree,4 = Agree,4 = Agree,4 = Agree,4 = Agree,4 = Agree,4 = Agree,4 = Agree,4 = Agree,4 = Agree,,4 = Agree,4 = Agree,4 = Agree,4 = Agree
12/13/2025 20:20:51,"Yes, I agree",5 = Strongly Agree,Medium (51–250 employees),Male,18-30,Bachelor's degree,4-6 years,4 = Agree,4-= Agree,4 = Agree,4 = Agree,4 = Agree,4 = Agree,4 = Agree,4 = Agree,4 = Agree,4 = Agree,4 = Agree,4 = Agree,4 = Agree,4 = Agree,4 = Agree,4 = Agree,4 = Agree,4 = Agree,4 = Agree,4 = Agree,4 = Agree,,4 = Agree,4 = Agree,4 = Agree,4 = Agree
12/13/2025 20:22:04,"Yes, I agree",4 = Agree,Large (more than 250 employees),Male,30-40,Master's degree,7-10 years,5= Strongly Agree,5= Strongly Agree,5= Strongly Agree,4 = Agree,5= Strongly Agree,5= Strongly Agree,5= Strongly Agree,5= Strongly Agree,5= Strongly Agree,5= Strongly Agree,5= Strongly Agree,5= Strongly Agree,5= Strongly Agree,5= Strongly Agree,5= Strongly Agree,5= Strongly Agree,5= Strongly Agree,5= Strongly Agree,5= Strongly Agree,5= Strongly Agree,5= Strongly Agree,,5= Strongly Agree,5= Strongly Agree,5= Strongly Agree,5= Strongly Agree
12/13/2025 20:23:00,"Yes, I agree",5 = Strongly Agree,Large (more than 250 employees),Female,30-40,PhD,7-10 years,5= Strongly Agree,5= Strongly Agree,5= Strongly Agree,5= Strongly Agree,5= Strongly Agree,5= Strongly Agree,5= Strongly Agree,5= Strongly Agree,5= Strongly Agree,5= Strongly Agree,5= Strongly Agree,5= Strongly Agree,5= Strongly Agree,5= Strongly Agree,5= Strongly Agree,5= Strongly Agree,5= Strongly Agree,5= Strongly Agree,5= Strongly Agree,5= Strongly Agree,5= Strongly Agree,,5= Strongly Agree,5= Strongly Agree,5= Strongly Agree,5= Strongly Agree
12/13/2025 20:24:55,"Yes, I agree",5 = Strongly Agree,Medium (51–250 employees),Male,30-40,Master's degree,7-10 years,3= Neutral,3= Neutral,3= Neutral,3= Neutral,3= Neutral,3= Neutral,3= Neutral,3= Neutral,3= Neutral,3= Neutral,3= Neutral,3= Neutral,3= Neutral,3= Neutral,3= Neutral,3= Neutral,3= Neutral,3= Neutral,3= Neutral,3= Neutral,3= Neutral,,3= Neutral,3= Neutral,3= Neutral,3= Neutral
12/13/2025 20:25:48,"Yes, I agree",5 = Strongly Agree,Small (1–50 employees),Male,30-40,Bachelor's degree,4-6 years,5= Strongly Agree,5= Strongly Agree,5= Strongly Agree,5= Strongly Agree,5= Strongly Agree,5= Strongly Agree,5= Strongly Agree,5= Strongly Agree,5= Strongly Agree,5= Strongly Agree,5= Strongly Agree,5= Strongly Agree,5= Strongly Agree,5= Strongly Agree,5= Strongly Agree,5= Strongly Agree,5= Strongly Agree,5= Strongly Agree,5= Strongly Agree,5= Strongly Agree,5= Strongly Agree,,5= Strongly Agree,5= Strongly Agree,5= Strongly Agree,5= Strongly Agree
12/13/2025 20:43:07,"Yes, I agree",5 = Strongly Agree,Large (more than 250 employees),Male,30-40,Bachelor's degree,4-6 years,5= Strongly Agree,5= Strongly Agree,5= Strongly Agree,5= Strongly Agree,5= Strongly Agree,5= Strongly Agree,5= Strongly Agree,5= Strongly Agree,5= Strongly Agree,5= Strongly Agree,5= Strongly Agree,5= Strongly Agree,5= Strongly Agree,5= Strongly Agree,5= Strongly Agree,5= Strongly Agree,5= Strongly Agree,5= Strongly Agree,5= Strongly Agree,5= Strongly Agree,5= Strongly Agree,,5= Strongly Agree,5= Strongly Agree,5= Strongly Agree,5= Strongly Agree
12/13/2025 20:44:07,"Yes, I agree",5 = Strongly Agree,Medium (51–250 employees),Male,18-30,Bachelor's degree,4-6 years,5= Strongly Agree,4-= Agree,4 = Agree,4 = Agree,4 = Agree,5= Strongly Agree,5= Strongly Agree,5= Strongly Agree,5= Strongly Agree,5= Strongly Agree,5= Strongly Agree,5= Strongly Agree,5= Strongly Agree,5= Strongly Agree,5= Strongly Agree,5= Strongly Agree,4 = Agree,5= Strongly Agree,5= Strongly Agree,5= Strongly Agree,5= Strongly Agree,,5= Strongly Agree,5= Strongly Agree,5= Strongly Agree,5= Strongly Agree
12/13/2025 20:45:02,"Yes, I agree",5 = Strongly Agree,Small (1–50 employees),Female,18-30,Master's degree,1-3 years,5= Strongly Agree,5= Strongly Agree,5= Strongly Agree,5= Strongly Agree,5= Strongly Agree,5= Strongly Agree,5= Strongly Agree,5= Strongly Agree,5= Strongly Agree,5= Strongly Agree,5= Strongly Agree,5= Strongly Agree,5= Strongly Agree,5= Strongly Agree,5= Strongly Agree,5= Strongly Agree,5= Strongly Agree,5= Strongly Agree,5= Strongly Agree,5= Strongly Agree,5= Strongly Agree,,5= Strongly Agree,5= Strongly Agree,5= Strongly Agree,5= Strongly Agree
12/13/2025 20:46:00,"Yes, I agree",5 = Strongly Agree,Medium (51–250 employees),Male,30-40,Master's degree,4-6 years,4 = Agree,4-= Agree,4 = Agree,4 = Agree,4 = Agree,4 = Agree,4 = Agree,4 = Agree,4 = Agree,4 = Agree,4 = Agree,4 = Agree,4 = Agree,4 = Agree,4 = Agree,4 = Agree,4 = Agree,4 = Agree,4 = Agree,4 = Agree,4 = Agree,,4 = Agree,4 = Agree,4 = Agree,4 = Agree
12/13/2025 20:46:44,"Yes, I agree",4 = Agree,Medium (51–250 employees),Female,40-50,Bachelor's degree,7-10 years,5= Strongly Agree,5= Strongly Agree,5= Strongly Agree,5= Strongly Agree,5= Strongly Agree,5= Strongly Agree,5= Strongly Agree,5= Strongly Agree,5= Strongly Agree,5= Strongly Agree,5= Strongly Agree,5= Strongly Agree,5= Strongly Agree,5= Strongly Agree,5= Strongly Agree,5= Strongly Agree,5= Strongly Agree,5= Strongly Agree,5= Strongly Agree,5= Strongly Agree,5= Strongly Agree,,5= Strongly Agree,5= Strongly Agree,5= Strongly Agree,5= Strongly Agree
12/13/2025 20:47:56,"Yes, I agree",5 = Strongly Agree,Medium (51–250 employees),Male,30-40,Master's degree,4-6 years,5= Strongly Agree,5= Strongly Agree,5= Strongly Agree,5= Strongly Agree,5= Strongly Agree,5= Strongly Agree,5= Strongly Agree,5= Strongly Agree,5= Strongly Agree,5= Strongly Agree,5= Strongly Agree,5= Strongly Agree,5= Strongly Agree,5= Strongly Agree,5= Strongly Agree,5= Strongly Agree,5= Strongly Agree,5= Strongly Agree,5= Strongly Agree,5= Strongly Agree,5= Strongly Agree,,5= Strongly Agree,5= Strongly Agree,5= Strongly Agree,5= Strongly Agree
12/13/2025 20:48:52,"Yes, I agree",5 = Strongly Agree,Medium (51–250 employees),Male,30-40,Bachelor's degree,7-10 years,3= Neutral,3= Neutral,3= Neutral,3= Neutral,3= Neutral,3= Neutral,3= Neutral,3= Neutral,3= Neutral,3= Neutral,3= Neutral,3= Neutral,3= Neutral,3= Neutral,3= Neutral,3= Neutral,3= Neutral,3= Neutral,3= Neutral,3= Neutral,3= Neutral,,3= Neutral,3= Neutral,3= Neutral,3= Neutral
12/13/2025 20:50:42,"Yes, I agree",5 = Strongly Agree,Medium (51–250 employees),Female,30-40,Bachelor's degree,4-6 years,5= Strongly Agree,5= Strongly Agree,5= Strongly Agree,5= Strongly Agree,5= Strongly Agree,5= Strongly Agree,5= Strongly Agree,5= Strongly Agree,5= Strongly Agree,5= Strongly Agree,5= Strongly Agree,5= Strongly Agree,5= Strongly Agree,5= Strongly Agree,5= Strongly Agree,5= Strongly Agree,5= Strongly Agree,5= Strongly Agree,5= Strongly Agree,5= Strongly Agree,5= Strongly Agree,,5= Strongly Agree,5= Strongly Agree,5= Strongly Agree,5= Strongly Agree
12/13/2025 20:51:48,"Yes, I agree",5 = Strongly Agree,Small (1–50 employees),Female,18-30,PhD,more than 10 years,5= Strongly Agree,5= Strongly Agree,5= Strongly Agree,5= Strongly Agree,5= Strongly Agree,5= Strongly Agree,5= Strongly Agree,5= Strongly Agree,5= Strongly Agree,5= Strongly Agree,5= Strongly Agree,5= Strongly Agree,5= Strongly Agree,5= Strongly Agree,5= Strongly Agree,5= Strongly Agree,5= Strongly Agree,5= Strongly Agree,5= Strongly Agree,5= Strongly Agree,5= Strongly Agree,,5= Strongly Agree,5= Strongly Agree,5= Strongly Agree,5= Strongly Agree
12/13/2025 20:53:27,"Yes, I agree",5 = Strongly Agree,Large (more than 250 employees),Male,40-50,Bachelor's degree,1-3 years,4 = Agree,4-= Agree,4 = Agree,4 = Agree,4 = Agree,4 = Agree,4 = Agree,4 = Agree,4 = Agree,4 = Agree,4 = Agree,4 = Agree,4 = Agree,4 = Agree,4 = Agree,4 = Agree,4 = Agree,4 = Agree,4 = Agree,4 = Agree,4 = Agree,,4 = Agree,4 = Agree,4 = Agree,4 = Agree
12/13/2025 20:54:23,"Yes, I agree",4 = Agree,Medium (51–250 employees),Female,40-50,PhD,4-6 years,4 = Agree,3= Neutral,4 = Agree,3= Neutral,4 = Agree,4 = Agree,3= Neutral,2= Disagree,3= Neutral,3= Neutral,3= Neutral,2= Disagree,4 = Agree,1=  Strongly Disagree,4 = Agree,5= Strongly Agree,4 = Agree,3= Neutral,4 = Agree,4 = Agree,4 = Agree,,4 = Agree,4 = Agree,5= Strongly Agree,5= Strongly Agree
12/13/2025 20:55:22,"Yes, I agree",4 = Agree,Medium (51–250 employees),Female,18-30,Bachelor's degree,1-3 years,5= Strongly Agree,5= Strongly Agree,5= Strongly Agree,5= Strongly Agree,5= Strongly Agree,5= Strongly Agree,5= Strongly Agree,5= Strongly Agree,5= Strongly Agree,5= Strongly Agree,5= Strongly Agree,5= Strongly Agree,5= Strongly Agree,5= Strongly Agree,5= Strongly Agree,5= Strongly Agree,5= Strongly Agree,5= Strongly Agree,5= Strongly Agree,5= Strongly Agree,5= Strongly Agree,,5= Strongly Agree,5= Strongly Agree,5= Strongly Agree,5= Strongly Agree
12/13/2025 20:56:37,"Yes, I agree",5 = Strongly Agree,Medium (51–250 employees),Female,30-40,Master's degree,4-6 years,5= Strongly Agree,5= Strongly Agree,5= Strongly Agree,5= Strongly Agree,5= Strongly Agree,5= Strongly Agree,5= Strongly Agree,5= Strongly Agree,5= Strongly Agree,5= Strongly Agree,5= Strongly Agree,5= Strongly Agree,5= Strongly Agree,5= Strongly Agree,5= Strongly Agree,5= Strongly Agree,5= Strongly Agree,5= Strongly Agree,5= Strongly Agree,5= Strongly Agree,5= Strongly Agree,,5= Strongly Agree,5= Strongly Agree,5= Strongly Agree,5= Strongly Agree
12/13/2025 20:57:32,"Yes, I agree",5 = Strongly Agree,Large (more than 250 employees),Female,30-40,Bachelor's degree,1-3 years,5= Strongly Agree,5= Strongly Agree,5= Strongly Agree,5= Strongly Agree,5= Strongly Agree,5= Strongly Agree,5= Strongly Agree,5= Strongly Agree,5= Strongly Agree,5= Strongly Agree,5= Strongly Agree,5= Strongly Agree,5= Strongly Agree,5= Strongly Agree,5= Strongly Agree,5= Strongly Agree,5= Strongly Agree,5= Strongly Agree,5= Strongly Agree,5= Strongly Agree,5= Strongly Agree,,5= Strongly Agree,5= Strongly Agree,5= Strongly Agree,5= Strongly Agree
5/5/2026 21:28:53,"Yes, I agree",5 = Strongly Agree,Small (1–50 employees),Female,50-60,Other,7-10 years,2= Disagree,2= Disagree,2= Disagree,2= Disagree,2= Disagree,2= Disagree,2= Disagree,2= Disagree,2= Disagree,2= Disagree,2= Disagree,2= Disagree,2= Disagree,2= Disagree,2= Disagree,2= Disagree,2= Disagree,2= Disagree,2= Disagree,2= Disagree,2= Disagree,,2= Disagree,2= Disagree,3= Neutral,3= Neutral
5/5/2026 21:30:08,"Yes, I agree",5 = Strongly Agree,Medium (51–250 employees),Male,50-60,Bachelor's degree,4-6 years,2= Disagree,2= Disagree,2= Disagree,2= Disagree,2= Disagree,2= Disagree,2= Disagree,2= Disagree,2= Disagree,2= Disagree,2= Disagree,2= Disagree,2= Disagree,2= Disagree,2= Disagree,2= Disagree,2= Disagree,3= Neutral,4 = Agree,1=  Strongly Disagree,3= Neutral,,1=  Strongly Disagree,4 = Agree,1=  Strongly Disagree,1=  Strongly Disagree
5/5/2026 21:31:22,"Yes, I agree",2 = Disagree,Small (1–50 employees),Female,30-40,Master's degree,4-6 years,2= Disagree,2= Disagree,2= Disagree,2= Disagree,2= Disagree,2= Disagree,2= Disagree,2= Disagree,2= Disagree,2= Disagree,2= Disagree,2= Disagree,2= Disagree,2= Disagree,1=  Strongly Disagree,4 = Agree,1=  Strongly Disagree,5= Strongly Agree,2= Disagree,4 = Agree,1=  Strongly Disagree,,2= Disagree,2= Disagree,2= Disagree,2= Disagree
5/5/2026 21:32:45,"Yes, I agree",3 = Neutral,Small (1–50 employees),Female,40-50,Master's degree,4-6 years,4 = Agree,2= Disagree,2= Disagree,4 = Agree,2= Disagree,1=  Strongly Disagree,2= Disagree,1=  Strongly Disagree,2= Disagree,3= Neutral,4 = Agree,1=  Strongly Disagree,1=  Strongly Disagree,4 = Agree,1=  Strongly Disagree,2= Disagree,1=  Strongly Disagree,2= Disagree,1=  Strongly Disagree,2= Disagree,1=  Strongly Disagree,,1=  Strongly Disagree,2= Disagree,2= Disagree,2= Disagree
5/5/2026 22:08:07,"Yes, I agree",5 = Strongly Agree,Medium (51–250 employees),Female,50-60,PhD,more than 10 years,4 = Agree,2= Disagree,1=  Strongly Disagree,2= Disagree,1=  Strongly Disagree,2= Disagree,1=  Strongly Disagree,3= Neutral,1=  Strongly Disagree,2= Disagree,2= Disagree,2= Disagree,2= Disagree,3= Neutral,1=  Strongly Disagree,2= Disagree,2= Disagree,4 = Agree,1=  Strongly Disagree,3= Neutral,1=  Strongly Disagree,,2= Disagree,1=  Strongly Disagree,1=  Strongly Disagree,1=  Strongly Disagree
5/5/2026 22:14:59,"Yes, I agree",5 = Strongly Agree,Medium (51–250 employees),Male,50-60,Master's degree,7-10 years,2= Disagree,2= Disagree,2= Disagree,3= Neutral,2= Disagree,3= Neutral,2= Disagree,2= Disagree,2= Disagree,2= Disagree,2= Disagree,4 = Agree,1=  Strongly Disagree,2= Disagree,1=  Strongly Disagree,1=  Strongly Disagree,2= Disagree,3= Neutral,1=  Strongly Disagree,3= Neutral,1=  Strongly Disagree,,1=  Strongly Disagree,1=  Strongly Disagree,1=  Strongly Disagree,1=  Strongly Disagree
5/5/2026 22:16:13,"Yes, I agree",5 = Strongly Agree,Medium (51–250 employees),Female,18-30,Bachelor's degree,1-3 years,4 = Agree,4-= Agree,4 = Agree,5= Strongly Agree,4 = Agree,4 = Agree,4 = Agree,4 = Agree,2= Disagree,4 = Agree,2= Disagree,2= Disagree,4 = Agree,2= Disagree,3= Neutral,5= Strongly Agree,2= Disagree,2= Disagree,3= Neutral,2= Disagree,2= Disagree,,2= Disagree,2= Disagree,2= Disagree,2= Disagree
5/5/2026 22:37:41,"Yes, I agree",5 = Strongly Agree,Large (more than 250 employees),Male,60-70,PhD,more than 10 years,2= Disagree,2= Disagree,3= Neutral,1=  Strongly Disagree,4 = Agree,1=  Strongly Disagree,3= Neutral,1=  Strongly Disagree,2= Disagree,5= Strongly Agree,1=  Strongly Disagree,2= Disagree,2= Disagree,5= Strongly Agree,2= Disagree,1=  Strongly Disagree,2= Disagree,2= Disagree,2= Disagree,4 = Agree,2= Disagree,,2= Disagree,2= Disagree,2= Disagree,4 = Agree
5/5/2026 22:38:45,"Yes, I agree",5 = Strongly Agree,Medium (51–250 employees),Female,30-40,Bachelor's degree,4-6 years,3= Neutral,2= Disagree,2= Disagree,3= Neutral,2= Disagree,3= Neutral,4 = Agree,1=  Strongly Disagree,5= Strongly Agree,2= Disagree,1=  Strongly Disagree,3= Neutral,4 = Agree,1=  Strongly Disagree,2= Disagree,2= Disagree,2= Disagree,2= Disagree,2= Disagree,2= Disagree,2= Disagree,,2= Disagree,2= Disagree,2= Disagree,2= Disagree
5/5/2026 22:40:13,"Yes, I agree",5 = Strongly Agree,Medium (51–250 employees),Female,30-40,Master's degree,4-6 years,5= Strongly Agree,5= Strongly Agree,4 = Agree,4 = Agree,4 = Agree,4 = Agree,4 = Agree,4 = Agree,2= Disagree,4 = Agree,4 = Agree,4 = Agree,4 = Agree,4 = Agree,4 = Agree,4 = Agree,4 = Agree,4 = Agree,4 = Agree,3= Neutral,2= Disagree,,4 = Agree,4 = Agree,4 = Agree,4 = Agree
5/5/2026 22:41:08,"Yes, I agree",5 = Strongly Agree,Small (1–50 employees),Male,40-50,Master's degree,1-3 years,2= Disagree,2= Disagree,2= Disagree,2= Disagree,3= Neutral,3= Neutral,2= Disagree,3= Neutral,2= Disagree,3= Neutral,3= Neutral,2= Disagree,2= Disagree,2= Disagree,2= Disagree,3= Neutral,2= Disagree,3= Neutral,3= Neutral,3= Neutral,3= Neutral,,3= Neutral,3= Neutral,3= Neutral,4 = Agree
5/5/2026 22:42:08,"Yes, I agree",5 = Strongly Agree,Medium (51–250 employees),Male,18-30,Master's degree,7-10 years,3= Neutral,3= Neutral,3= Neutral,3= Neutral,3= Neutral,3= Neutral,3= Neutral,3= Neutral,3= Neutral,2= Disagree,3= Neutral,3= Neutral,3= Neutral,3= Neutral,2= Disagree,3= Neutral,3= Neutral,3= Neutral,3= Neutral,3= Neutral,3= Neutral,,3= Neutral,3= Neutral,3= Neutral,3= Neutral
5/5/2026 22:43:08,"Yes, I agree",5 = Strongly Agree,Large (more than 250 employees),Male,50-60,Master's degree,7-10 years,2= Disagree,2= Disagree,3= Neutral,2= Disagree,2= Disagree,2= Disagree,2= Disagree,1=  Strongly Disagree,2= Disagree,2= Disagree,2= Disagree,2= Disagree,2= Disagree,2= Disagree,2= Disagree,2= Disagree,2= Disagree,2= Disagree,2= Disagree,2= Disagree,3= Neutral,,2= Disagree,2= Disagree,2= Disagree,2= Disagree
5/5/2026 22:44:09,"Yes, I agree",5 = Strongly Agree,Medium (51–250 employees),Male,50-60,PhD,7-10 years,2= Disagree,3= Neutral,2= Disagree,4 = Agree,1=  Strongly Disagree,5= Strongly Agree,2= Disagree,3= Neutral,2= Disagree,2= Disagree,2= Disagree,5= Strongly Agree,2= Disagree,2= Disagree,3= Neutral,1=  Strongly Disagree,1=  Strongly Disagree,1=  Strongly Disagree,4 = Agree,1=  Strongly Disagree,1=  Strongly Disagree,,1=  Strongly Disagree,1=  Strongly Disagree,3= Neutral,3= Neutral
5/5/2026 22:51:22,"Yes, I agree",5 = Strongly Agree,Medium (51–250 employees),Female,30-40,Bachelor's degree,7-10 years,3= Neutral,2= Disagree,2= Disagree,2= Disagree,4 = Agree,1=  Strongly Disagree,1=  Strongly Disagree,4 = Agree,1=  Strongly Disagree,3= Neutral,2= Disagree,2= Disagree,2= Disagree,4 = Agree,2= Disagree,1=  Strongly Disagree,1=  Strongly Disagree,1=  Strongly Disagree,1=  Strongly Disagree,1=  Strongly Disagree,1=  Strongly Disagree,,1=  Strongly Disagree,2= Disagree,2= Disagree,2= Disagree
5/5/2026 22:52:23,"Yes, I agree",4 = Agree,Medium (51–250 employees),Male,40-50,Master's degree,1-3 years,2= Disagree,2= Disagree,3= Neutral,1=  Strongly Disagree,2= Disagree,2= Disagree,2= Disagree,1=  Strongly Disagree,1=  Strongly Disagree,2= Disagree,1=  Strongly Disagree,4 = Agree,1=  Strongly Disagree,2= Disagree,5= Strongly Agree,1=  Strongly Disagree,2= Disagree,2= Disagree,2= Disagree,2= Disagree,2= Disagree,,2= Disagree,4 = Agree,2= Disagree,3= Neutral
5/5/2026 22:53:30,"Yes, I agree",5 = Strongly Agree,Medium (51–250 employees),Male,30-40,Other,4-6 years,4 = Agree,4-= Agree,3= Neutral,2= Disagree,2= Disagree,2= Disagree,3= Neutral,2= Disagree,2= Disagree,4 = Agree,2= Disagree,2= Disagree,2= Disagree,4 = Agree,2= Disagree,2= Disagree,3= Neutral,3= Neutral,2= Disagree,2= Disagree,2= Disagree,,2= Disagree,2= Disagree,2= Disagree,2= Disagree
5/5/2026 22:54:24,"Yes, I agree",5 = Strongly Agree,Medium (51–250 employees),Male,50-60,Master's degree,4-6 years,3= Neutral,3= Neutral,4 = Agree,4 = Agree,3= Neutral,2= Disagree,3= Neutral,3= Neutral,4 = Agree,5= Strongly Agree,3= Neutral,5= Strongly Agree,3= Neutral,3= Neutral,2= Disagree,1=  Strongly Disagree,4 = Agree,1=  Strongly Disagree,2= Disagree,3= Neutral,3= Neutral,,3= Neutral,3= Neutral,3= Neutral,3= Neutral
5/5/2026 23:34:05,"Yes, I agree",5 = Strongly Agree,Medium (51–250 employees),Male,18-30,Bachelor's degree,4-6 years,2= Disagree,3= Neutral,2= Disagree,1=  Strongly Disagree,1=  Strongly Disagree,2= Disagree,2= Disagree,4 = Agree,2= Disagree,2= Disagree,3= Neutral,2= Disagree,2= Disagree,3= Neutral,1=  Strongly Disagree,3= Neutral,2= Disagree,2= Disagree,3= Neutral,2= Disagree,2= Disagree,,2= Disagree,4 = Agree,2= Disagree,3= Neutral
5/5/2026 23:35:09,"Yes, I agree",5 = Strongly Agree,Medium (51–250 employees),Female,40-50,Bachelor's degree,1-3 years,4 = Agree,2= Disagree,2= Disagree,2= Disagree,3= Neutral,2= Disagree,2= Disagree,3= Neutral,3= Neutral,2= Disagree,3= Neutral,2= Disagree,2= Disagree,2= Disagree,2= Disagree,4 = Agree,1=  Strongly Disagree,2= Disagree,2= Disagree,2= Disagree,3= Neutral,,3= Neutral,4 = Agree,3= Neutral,3= Neutral
5/5/2026 23:36:11,"Yes, I agree",5 = Strongly Agree,Medium (51–250 employees),Male,50-60,PhD,7-10 years,4 = Agree,4-= Agree,5= Strongly Agree,4 = Agree,5= Strongly Agree,4 = Agree,3= Neutral,3= Neutral,4 = Agree,2= Disagree,3= Neutral,5= Strongly Agree,2= Disagree,4 = Agree,1=  Strongly Disagree,1=  Strongly Disagree,3= Neutral,4 = Agree,2= Disagree,2= Disagree,2= Disagree,,3= Neutral,2= Disagree,3= Neutral,2= Disagree
5/5/2026 23:37:03,"Yes, I agree",5 = Strongly Agree,Medium (51–250 employees),Male,30-40,Bachelor's degree,4-6 years,2= Disagree,4-= Agree,2= Disagree,2= Disagree,5= Strongly Agree,3= Neutral,2= Disagree,3= Neutral,2= Disagree,4 = Agree,2= Disagree,2= Disagree,4 = Agree,3= Neutral,2= Disagree,3= Neutral,3= Neutral,1=  Strongly Disagree,4 = Agree,2= Disagree,2= Disagree,,3= Neutral,2= Disagree,2= Disagree,3= Neutral
5/5/2026 23:37:54,"Yes, I agree",5 = Strongly Agree,Small (1–50 employees),Male,40-50,Master's degree,4-6 years,3= Neutral,3= Neutral,2= Disagree,2= Disagree,2= Disagree,3= Neutral,3= Neutral,2= Disagree,3= Neutral,2= Disagree,2= Disagree,2= Disagree,3= Neutral,2= Disagree,3= Neutral,2= Disagree,2= Disagree,3= Neutral,3= Neutral,3= Neutral,4 = Agree,,4 = Agree,3= Neutral,3= Neutral,3= Neutral
5/5/2026 23:38:52,"Yes, I agree",4 = Agree,Medium (51–250 employees),Male,40-50,Master's degree,4-6 years,4 = Agree,3= Neutral,3= Neutral,3= Neutral,2= Disagree,3= Neutral,3= Neutral,3= Neutral,4 = Agree,3= Neutral,2= Disagree,3= Neutral,3= Neutral,2= Disagree,3= Neutral,3= Neutral,3= Neutral,2= Disagree,3= Neutral,4 = Agree,2= Disagree,,3= Neutral,2= Disagree,3= Neutral,2= Disagree
5/6/2026 0:31:29,"Yes, I agree",5 = Strongly Agree,Medium (51–250 employees),Male,40-50,PhD,4-6 years,2= Disagree,3= Neutral,1=  Strongly Disagree,1=  Strongly Disagree,2= Disagree,3= Neutral,1=  Strongly Disagree,4 = Agree,1=  Strongly Disagree,3= Neutral,2= Disagree,1=  Strongly Disagree,3= Neutral,5= Strongly Agree,2= Disagree,4 = Agree,2= Disagree,1=  Strongly Disagree,2= Disagree,1=  Strongly Disagree,2= Disagree,,2= Disagree,3= Neutral,2= Disagree,2= Disagree
5/6/2026 0:32:35,"Yes, I agree",5 = Strongly Agree,Medium (51–250 employees),Male,40-50,Master's degree,4-6 years,3= Neutral,2= Disagree,2= Disagree,3= Neutral,1=  Strongly Disagree,1=  Strongly Disagree,5= Strongly Agree,2= Disagree,1=  Strongly Disagree,2= Disagree,3= Neutral,1=  Strongly Disagree,3= Neutral,2= Disagree,2= Disagree,4 = Agree,2= Disagree,3= Neutral,2= Disagree,4 = Agree,2= Disagree,,3= Neutral,4 = Agree,2= Disagree,1=  Strongly Disagree
5/6/2026 0:33:29,"Yes, I agree",5 = Strongly Agree,Medium (51–250 employees),Female,50-60,Master's degree,7-10 years,2= Disagree,3= Neutral,1=  Strongly Disagree,3= Neutral,4 = Agree,1=  Strongly Disagree,2= Disagree,2= Disagree,3= Neutral,3= Neutral,1=  Strongly Disagree,5= Strongly Agree,2= Disagree,2= Disagree,2= Disagree,2= Disagree,4 = Agree,1=  Strongly Disagree,1=  Strongly Disagree,1=  Strongly Disagree,1=  Strongly Disagree,,1=  Strongly Disagree,1=  Strongly Disagree,1=  Strongly Disagree,1=  Strongly Disagree
5/6/2026 0:34:29,"Yes, I agree",5 = Strongly Agree,Medium (51–250 employees),Male,50-60,Bachelor's degree,7-10 years,3= Neutral,2= Disagree,2= Disagree,2= Disagree,1=  Strongly Disagree,3= Neutral,1=  Strongly Disagree,2= Disagree,3= Neutral,4 = Agree,2= Disagree,5= Strongly Agree,1=  Strongly Disagree,2= Disagree,3= Neutral,2= Disagree,4 = Agree,1=  Strongly Disagree,2= Disagree,1=  Strongly Disagree,2= Disagree,,3= Neutral,1=  Strongly Disagree,3= Neutral,3= Neutral
5/6/2026 0:35:35,"Yes, I agree",5 = Strongly Agree,Small (1–50 employees),Male,40-50,Bachelor's degree,4-6 years,2= Disagree,1=  Strongly Disagree,2= Disagree,3= Neutral,3= Neutral,1=  Strongly Disagree,2= Disagree,5= Strongly Agree,1=  Strongly Disagree,1=  Strongly Disagree,1=  Strongly Disagree,1=  Strongly Disagree,3= Neutral,2= Disagree,2= Disagree,2= Disagree,2= Disagree,1=  Strongly Disagree,3= Neutral,1=  Strongly Disagree,1=  Strongly Disagree,,3= Neutral,1=  Strongly Disagree,1=  Strongly Disagree,1=  Strongly Disagree
5/6/2026 0:36:34,"Yes, I agree",5 = Strongly Agree,Medium (51–250 employees),Male,40-50,Bachelor's degree,1-3 years,2= Disagree,3= Neutral,1=  Strongly Disagree,3= Neutral,1=  Strongly Disagree,3= Neutral,1=  Strongly Disagree,1=  Strongly Disagree,1=  Strongly Disagree,1=  Strongly Disagree,2= Disagree,2= Disagree,3= Neutral,1=  Strongly Disagree,3= Neutral,4 = Agree,2= Disagree,2= Disagree,1=  Strongly Disagree,1=  Strongly Disagree,1=  Strongly Disagree,,1=  Strongly Disagree,1=  Strongly Disagree,1=  Strongly Disagree,1=  Strongly Disagree
5/6/2026 0:37:35,"Yes, I agree",5 = Strongly Agree,Medium (51–250 employees),Male,50-60,Bachelor's degree,7-10 years,3= Neutral,3= Neutral,3= Neutral,3= Neutral,3= Neutral,2= Disagree,3= Neutral,3= Neutral,2= Disagree,3= Neutral,1=  Strongly Disagree,4 = Agree,2= Disagree,2= Disagree,5= Strongly Agree,2= Disagree,2= Disagree,1=  Strongly Disagree,1=  Strongly Disagree,3= Neutral,2= Disagree,,2= Disagree,2= Disagree,3= Neutral,3= Neutral
5/6/2026 0:38:36,"Yes, I agree",5 = Strongly Agree,Small (1–50 employees),Male,50-60,Bachelor's degree,more than 10 years,3= Neutral,3= Neutral,2= Disagree,5= Strongly Agree,2= Disagree,2= Disagree,2= Disagree,3= Neutral,1=  Strongly Disagree,2= Disagree,4 = Agree,1=  Strongly Disagree,1=  Strongly Disagree,1=  Strongly Disagree,1=  Strongly Disagree,3= Neutral,3= Neutral,2= Disagree,3= Neutral,2= Disagree,2= Disagree,,4 = Agree,2= Disagree,2= Disagree,2= Disagree
5/6/2026 1:38:47,"Yes, I agree",5 = Strongly Agree,Large (more than 250 employees),Male,40-50,Other,4-6 years,3= Neutral,2= Disagree,5= Strongly Agree,2= Disagree,1=  Strongly Disagree,3= Neutral,2= Disagree,1=  Strongly Disagree,3= Neutral,1=  Strongly Disagree,4 = Agree,2= Disagree,1=  Strongly Disagree,2= Disagree,2= Disagree,2= Disagree,4 = Agree,1=  Strongly Disagree,3= Neutral,1=  Strongly Disagree,2= Disagree,,2= Disagree,1=  Strongly Disagree,3= Neutral,2= Disagree
5/6/2026 1:39:50,"Yes, I agree",5 = Strongly Agree,Large (more than 250 employees),Female,60-70,PhD,7-10 years,5= Strongly Agree,3= Neutral,2= Disagree,3= Neutral,2= Disagree,1=  Strongly Disagree,3= Neutral,1=  Strongly Disagree,3= Neutral,2= Disagree,3= Neutral,1=  Strongly Disagree,4 = Agree,3= Neutral,2= Disagree,1=  Strongly Disagree,3= Neutral,1=  Strongly Disagree,2= Disagree,2= Disagree,1=  Strongly Disagree,,4 = Agree,1=  Strongly Disagree,3= Neutral,1=  Strongly Disagree
5/6/2026 1:41:07,"Yes, I agree",5 = Strongly Agree,Medium (51–250 employees),Male,50-60,Bachelor's degree,more than 10 years,3= Neutral,2= Disagree,1=  Strongly Disagree,3= Neutral,4 = Agree,2= Disagree,2= Disagree,1=  Strongly Disagree,1=  Strongly Disagree,5= Strongly Agree,3= Neutral,2= Disagree,4 = Agree,1=  Strongly Disagree,3= Neutral,1=  Strongly Disagree,4 = Agree,2= Disagree,2= Disagree,3= Neutral,1=  Strongly Disagree,,2= Disagree,1=  Strongly Disagree,2= Disagree,1=  Strongly Disagree
5/6/2026 1:42:18,"Yes, I agree",5 = Strongly Agree,Large (more than 250 employees),Male,50-60,Other,more than 10 years,4 = Agree,4-= Agree,4 = Agree,3= Neutral,4 = Agree,3= Neutral,2= Disagree,4 = Agree,2= Disagree,1=  Strongly Disagree,4 = Agree,3= Neutral,4 = Agree,4 = Agree,4 = Agree,2= Disagree,4 = Agree,5= Strongly Agree,5= Strongly Agree,5= Strongly Agree,5= Strongly Agree,,4 = Agree,4 = Agree,4 = Agree,5= Strongly Agree
5/6/2026 17:55:52,"Yes, I agree",5 = Strongly Agree,Medium (51–250 employees),Female,40-50,Bachelor's degree,7-10 years,2= Disagree,3= Neutral,1=  Strongly Disagree,2= Disagree,3= Neutral,3= Neutral,1=  Strongly Disagree,5= Strongly Agree,2= Disagree,2= Disagree,3= Neutral,4 = Agree,2= Disagree,3= Neutral,1=  Strongly Disagree,4 = Agree,2= Disagree,1=  Strongly Disagree,2= Disagree,2= Disagree,3= Neutral,,3= Neutral,1=  Strongly Disagree,1=  Strongly Disagree,1=  Strongly Disagree
5/6/2026 18:00:25,"Yes, I agree",3 = Neutral,Medium (51–250 employees),Male,50-60,Master's degree,more than 10 years,3= Neutral,3= Neutral,3= Neutral,4 = Agree,2= Disagree,2= Disagree,3= Neutral,2= Disagree,5= Strongly Agree,2= Disagree,2= Disagree,3= Neutral,3= Neutral,3= Neutral,3= Neutral,3= Neutral,3= Neutral,3= Neutral,3= Neutral,3= Neutral,3= Neutral,,3= Neutral,3= Neutral,3= Neutral,3= Neutral
5/6/2026 18:01:28,"Yes, I agree",2 = Disagree,Large (more than 250 employees),Male,50-60,PhD,4-6 years,2= Disagree,2= Disagree,2= Disagree,3= Neutral,4 = Agree,1=  Strongly Disagree,1=  Strongly Disagree,2= Disagree,1=  Strongly Disagree,3= Neutral,2= Disagree,1=  Strongly Disagree,3= Neutral,1=  Strongly Disagree,4 = Agree,1=  Strongly Disagree,2= Disagree,2= Disagree,3= Neutral,2= Disagree,2= Disagree,,2= Disagree,2= Disagree,1=  Strongly Disagree,1=  Strongly Disagree
5/6/2026 18:02:44,"Yes, I agree",5 = Strongly Agree,Large (more than 250 employees),Male,50-60,Master's degree,more than 10 years,4 = Agree,4-= Agree,4 = Agree,3= Neutral,4 = Agree,2= Disagree,2= Disagree,3= Neutral,3= Neutral,4 = Agree,4 = Agree,4 = Agree,2= Disagree,4 = Agree,1=  Strongly Disagree,4 = Agree,3= Neutral,2= Disagree,2= Disagree,4 = Agree,2= Disagree,,4 = Agree,3= Neutral,4 = Agree,3= Neutral
5/6/2026 18:28:15,"Yes, I agree",5 = Strongly Agree,Medium (51–250 employees),Male,18-30,Other,7-10 years,3= Neutral,4-= Agree,3= Neutral,4 = Agree,4 = Agree,3= Neutral,1=  Strongly Disagree,4 = Agree,3= Neutral,4 = Agree,1=  Strongly Disagree,4 = Agree,3= Neutral,1=  Strongly Disagree,1=  Strongly Disagree,1=  Strongly Disagree,1=  Strongly Disagree,4 = Agree,3= Neutral,4 = Agree,3= Neutral,,1=  Strongly Disagree,1=  Strongly Disagree,4 = Agree,4 = Agree
5/6/2026 18:29:18,"Yes, I agree",5 = Strongly Agree,Medium (51–250 employees),Female,50-60,Master's degree,more than 10 years,4 = Agree,3= Neutral,3= Neutral,4 = Agree,4 = Agree,2= Disagree,4 = Agree,2= Disagree,2= Disagree,4 = Agree,3= Neutral,4 = Agree,2= Disagree,2= Disagree,2= Disagree,4 = Agree,3= Neutral,3= Neutral,2= Disagree,5= Strongly Agree,3= Neutral,,2= Disagree,4 = Agree,2= Disagree,2= Disagree
5/6/2026 18:30:21,"Yes, I agree",5 = Strongly Agree,Medium (51–250 employees),Female,40-50,Bachelor's degree,more than 10 years,2= Disagree,2= Disagree,2= Disagree,2= Disagree,4 = Agree,4 = Agree,2= Disagree,3= Neutral,3= Neutral,3= Neutral,2= Disagree,3= Neutral,4 = Agree,2= Disagree,4 = Agree,3= Neutral,3= Neutral,2= Disagree,3= Neutral,2= Disagree,2= Disagree,,2= Disagree,3= Neutral,3= Neutral,2= Disagree
5/7/2026 9:54:22,"Yes, I agree",3 = Neutral,Medium (51–250 employees),Female,40-50,Master's degree,7-10 years,2= Disagree,1=  Strongly Disagree,1=  Strongly Disagree,2= Disagree,2= Disagree,2= Disagree,1=  Strongly Disagree,3= Neutral,1=  Strongly Disagree,2= Disagree,2= Disagree,1=  Strongly Disagree,1=  Strongly Disagree,3= Neutral,1=  Strongly Disagree,2= Disagree,1=  Strongly Disagree,2= Disagree,2= Disagree,1=  Strongly Disagree,2= Disagree,,2= Disagree,1=  Strongly Disagree,1=  Strongly Disagree,1=  Strongly Disagree
5/7/2026 9:57:45,"Yes, I agree",4 = Agree,Medium (51–250 employees),Male,30-40,Master's degree,4-6 years,1=  Strongly Disagree,1=  Strongly Disagree,1=  Strongly Disagree,1=  Strongly Disagree,1=  Strongly Disagree,1=  Strongly Disagree,1=  Strongly Disagree,1=  Strongly Disagree,1=  Strongly Disagree,1=  Strongly Disagree,1=  Strongly Disagree,1=  Strongly Disagree,1=  Strongly Disagree,1=  Strongly Disagree,1=  Strongly Disagree,1=  Strongly Disagree,1=  Strongly Disagree,1=  Strongly Disagree,1=  Strongly Disagree,1=  Strongly Disagree,1=  Strongly Disagree,,1=  Strongly Disagree,1=  Strongly Disagree,1=  Strongly Disagree,1=  Strongly Disagree
5/7/2026 10:00:23,"Yes, I agree",5 = Strongly Agree,Large (more than 250 employees),Female,30-40,Master's degree,7-10 years,3= Neutral,3= Neutral,3= Neutral,3= Neutral,3= Neutral,3= Neutral,3= Neutral,3= Neutral,3= Neutral,3= Neutral,3= Neutral,3= Neutral,3= Neutral,3= Neutral,3= Neutral,3= Neutral,3= Neutral,3= Neutral,3= Neutral,3= Neutral,3= Neutral,,3= Neutral,3= Neutral,3= Neutral,3= Neutral
5/7/2026 10:03:15,"Yes, I agree",4 = Agree,Small (1–50 employees),Male,18-30,Bachelor's degree,4-6 years,2= Disagree,2= Disagree,2= Disagree,2= Disagree,2= Disagree,2= Disagree,2= Disagree,2= Disagree,2= Disagree,2= Disagree,2= Disagree,2= Disagree,2= Disagree,2= Disagree,2= Disagree,2= Disagree,2= Disagree,2= Disagree,2= Disagree,2= Disagree,2= Disagree,,2= Disagree,2= Disagree,2= Disagree,2= Disagree
5/7/2026 10:07:00,"Yes, I agree",4 = Agree,Small (1–50 employees),Male,40-50,PhD,more than 10 years,1=  Strongly Disagree,1=  Strongly Disagree,1=  Strongly Disagree,1=  Strongly Disagree,1=  Strongly Disagree,1=  Strongly Disagree,1=  Strongly Disagree,1=  Strongly Disagree,1=  Strongly Disagree,1=  Strongly Disagree,1=  Strongly Disagree,1=  Strongly Disagree,1=  Strongly Disagree,1=  Strongly Disagree,1=  Strongly Disagree,1=  Strongly Disagree,1=  Strongly Disagree,1=  Strongly Disagree,1=  Strongly Disagree,1=  Strongly Disagree,1=  Strongly Disagree,,1=  Strongly Disagree,1=  Strongly Disagree,1=  Strongly Disagree,1=  Strongly Disagree
5/7/2026 10:15:29,"Yes, I agree",4 = Agree,Small (1–50 employees),Female,40-50,Bachelor's degree,4-6 years,2= Disagree,2= Disagree,3= Neutral,3= Neutral,2= Disagree,2= Disagree,3= Neutral,2= Disagree,3= Neutral,2= Disagree,1=  Strongly Disagree,2= Disagree,3= Neutral,2= Disagree,1=  Strongly Disagree,2= Disagree,3= Neutral,2= Disagree,1=  Strongly Disagree,2= Disagree,1=  Strongly Disagree,,2= Disagree,2= Disagree,1=  Strongly Disagree,2= Disagree
5/7/2026 10:16:38,"Yes, I agree",4 = Agree,Medium (51–250 employees),Female,40-50,Master's degree,4-6 years,1=  Strongly Disagree,2= Disagree,3= Neutral,1=  Strongly Disagree,2= Disagree,3= Neutral,1=  Strongly Disagree,2= Disagree,3= Neutral,1=  Strongly Disagree,2= Disagree,3= Neutral,1=  Strongly Disagree,2= Disagree,3= Neutral,1=  Strongly Disagree,2= Disagree,3= Neutral,1=  Strongly Disagree,2= Disagree,3= Neutral,,1=  Strongly Disagree,2= Disagree,3= Neutral,1=  Strongly Disagree
5/7/2026 10:17:47,"Yes, I agree",4 = Agree,Medium (51–250 employees),Male,50-60,PhD,7-10 years,1=  Strongly Disagree,2= Disagree,3= Neutral,1=  Strongly Disagree,2= Disagree,3= Neutral,1=  Strongly Disagree,2= Disagree,3= Neutral,1=  Strongly Disagree,2= Disagree,3= Neutral,1=  Strongly Disagree,2= Disagree,3= Neutral,1=  Strongly Disagree,3= Neutral,1=  Strongly Disagree,2= Disagree,3= Neutral,1=  Strongly Disagree,,2= Disagree,3= Neutral,1=  Strongly Disagree,2= Disagree
5/7/2026 10:19:26,"Yes, I agree",4 = Agree,Medium (51–250 employees),Male,50-60,PhD,7-10 years,1=  Strongly Disagree,2= Disagree,3= Neutral,1=  Strongly Disagree,2= Disagree,3= Neutral,1=  Strongly Disagree,2= Disagree,3= Neutral,1=  Strongly Disagree,2= Disagree,3= Neutral,1=  Strongly Disagree,2= Disagree,3= Neutral,1=  Strongly Disagree,2= Disagree,3= Neutral,1=  Strongly Disagree,2= Disagree,3= Neutral,,1=  Strongly Disagree,2= Disagree,3= Neutral,2= Disagree
5/7/2026 10:20:46,"Yes, I agree",4 = Agree,Large (more than 250 employees),Male,30-40,PhD,4-6 years,3= Neutral,2= Disagree,1=  Strongly Disagree,3= Neutral,2= Disagree,1=  Strongly Disagree,3= Neutral,2= Disagree,1=  Strongly Disagree,1=  Strongly Disagree,2= Disagree,3= Neutral,3= Neutral,2= Disagree,1=  Strongly Disagree,1=  Strongly Disagree,2= Disagree,3= Neutral,3= Neutral,2= Disagree,1=  Strongly Disagree,,1=  Strongly Disagree,2= Disagree,3= Neutral,3= Neutral
5/7/2026 10:22:27,"Yes, I agree",4 = Agree,Large (more than 250 employees),Female,40-50,Master's degree,1-3 years,2= Disagree,2= Disagree,2= Disagree,2= Disagree,3= Neutral,1=  Strongly Disagree,3= Neutral,3= Neutral,1=  Strongly Disagree,3= Neutral,2= Disagree,1=  Strongly Disagree,1=  Strongly Disagree,3= Neutral,2= Disagree,1=  Strongly Disagree,2= Disagree,2= Disagree,2= Disagree,3= Neutral,3= Neutral,,2= Disagree,2= Disagree,2= Disagree,2= Disagree
5/7/2026 10:23:30,"Yes, I agree",4 = Agree,Small (1–50 employees),Male,18-30,PhD,1-3 years,2= Disagree,2= Disagree,2= Disagree,3= Neutral,2= Disagree,2= Disagree,2= Disagree,1=  Strongly Disagree,2= Disagree,2= Disagree,2= Disagree,2= Disagree,2= Disagree,2= Disagree,1=  Strongly Disagree,1=  Strongly Disagree,3= Neutral,2= Disagree,1=  Strongly Disagree,2= Disagree,3= Neutral,,2= Disagree,2= Disagree,2= Disagree,3= Neutral
5/7/2026 10:24:41,"Yes, I agree",4 = Agree,Medium (51–250 employees),Female,40-50,Master's degree,7-10 years,2= Disagree,2= Disagree,3= Neutral,1=  Strongly Disagree,2= Disagree,3= Neutral,1=  Strongly Disagree,2= Disagree,1=  Strongly Disagree,3= Neutral,3= Neutral,3= Neutral,3= Neutral,3= Neutral,2= Disagree,1=  Strongly Disagree,3= Neutral,2= Disagree,3= Neutral,3= Neutral,3= Neutral,,2= Disagree,3= Neutral,3= Neutral,3= Neutral
5/7/2026 10:26:00,"Yes, I agree",4 = Agree,Small (1–50 employees),Male,40-50,Master's degree,1-3 years,3= Neutral,2= Disagree,2= Disagree,2= Disagree,3= Neutral,2= Disagree,3= Neutral,2= Disagree,2= Disagree,3= Neutral,1=  Strongly Disagree,3= Neutral,1=  Strongly Disagree,3= Neutral,2= Disagree,2= Disagree,3= Neutral,2= Disagree,2= Disagree,2= Disagree,3= Neutral,,2= Disagree,2= Disagree,3= Neutral,3= Neutral
5/7/2026 10:27:21,"Yes, I agree",5 = Strongly Agree,Small (1–50 employees),Female,50-60,PhD,more than 10 years,3= Neutral,3= Neutral,2= Disagree,2= Disagree,1=  Strongly Disagree,3= Neutral,2= Disagree,2= Disagree,2= Disagree,1=  Strongly Disagree,1=  Strongly Disagree,2= Disagree,1=  Strongly Disagree,2= Disagree,1=  Strongly Disagree,1=  Strongly Disagree,2= Disagree,2= Disagree,2= Disagree,1=  Strongly Disagree,1=  Strongly Disagree,,2= Disagree,2= Disagree,1=  Strongly Disagree,1=  Strongly Disagree
5/7/2026 10:27:24,"Yes, I agree",4 = Agree,Medium (51–250 employees),Female,50-60,Master's degree,1-3 years,1=  Strongly Disagree,2= Disagree,2= Disagree,3= Neutral,3= Neutral,2= Disagree,3= Neutral,3= Neutral,1=  Strongly Disagree,2= Disagree,2= Disagree,2= Disagree,3= Neutral,3= Neutral,2= Disagree,2= Disagree,2= Disagree,3= Neutral,2= Disagree,2= Disagree,2= Disagree,,3= Neutral,2= Disagree,3= Neutral,2= Disagree
5/7/2026 10:28:27,"Yes, I agree",4 = Agree,Small (1–50 employees),Male,18-30,Bachelor's degree,4-6 years,1=  Strongly Disagree,1=  Strongly Disagree,1=  Strongly Disagree,2= Disagree,2= Disagree,2= Disagree,2= Disagree,2= Disagree,3= Neutral,1=  Strongly Disagree,2= Disagree,1=  Strongly Disagree,2= Disagree,2= Disagree,2= Disagree,1=  Strongly Disagree,1=  Strongly Disagree,2= Disagree,1=  Strongly Disagree,1=  Strongly Disagree,2= Disagree,,3= Neutral,1=  Strongly Disagree,2= Disagree,2= Disagree
5/7/2026 10:28:49,"Yes, I agree",4 = Agree,Medium (51–250 employees),Male,40-50,Bachelor's degree,4-6 years,3= Neutral,2= Disagree,2= Disagree,2= Disagree,3= Neutral,2= Disagree,2= Disagree,2= Disagree,2= Disagree,3= Neutral,1=  Strongly Disagree,2= Disagree,1=  Strongly Disagree,2= Disagree,2= Disagree,3= Neutral,1=  Strongly Disagree,2= Disagree,2= Disagree,2= Disagree,2= Disagree,,2= Disagree,3= Neutral,1=  Strongly Disagree,2= Disagree
5/7/2026 10:30:18,"Yes, I agree",4 = Agree,Small (1–50 employees),Male,18-30,Master's degree,7-10 years,2= Disagree,3= Neutral,1=  Strongly Disagree,1=  Strongly Disagree,2= Disagree,3= Neutral,2= Disagree,3= Neutral,1=  Strongly Disagree,2= Disagree,3= Neutral,2= Disagree,1=  Strongly Disagree,3= Neutral,1=  Strongly Disagree,3= Neutral,2= Disagree,1=  Strongly Disagree,2= Disagree,2= Disagree,2= Disagree,,2= Disagree,2= Disagree,2= Disagree,2= Disagree
5/7/2026 10:31:18,"Yes, I agree",4 = Agree,Medium (51–250 employees),Female,40-50,Bachelor's degree,7-10 years,2= Disagree,2= Disagree,3= Neutral,3= Neutral,3= Neutral,2= Disagree,3= Neutral,3= Neutral,2= Disagree,3= Neutral,2= Disagree,3= Neutral,2= Disagree,1=  Strongly Disagree,3= Neutral,1=  Strongly Disagree,2= Disagree,3= Neutral,2= Disagree,1=  Strongly Disagree,3= Neutral,,1=  Strongly Disagree,3= Neutral,2= Disagree,2= Disagree
5/7/2026 10:32:29,"Yes, I agree",4 = Agree,Large (more than 250 employees),Male,40-50,Master's degree,7-10 years,3= Neutral,3= Neutral,2= Disagree,2= Disagree,2= Disagree,1=  Strongly Disagree,3= Neutral,2= Disagree,2= Disagree,1=  Strongly Disagree,3= Neutral,3= Neutral,1=  Strongly Disagree,2= Disagree,2= Disagree,1=  Strongly Disagree,1=  Strongly Disagree,3= Neutral,1=  Strongly Disagree,2= Disagree,2= Disagree,,3= Neutral,1=  Strongly Disagree,3= Neutral,3= Neutral
5/7/2026 10:32:51,"Yes, I agree",5 = Strongly Agree,Large (more than 250 employees),Female,30-40,Master's degree,7-10 years,3= Neutral,3= Neutral,3= Neutral,2= Disagree,2= Disagree,2= Disagree,2= Disagree,1=  Strongly Disagree,1=  Strongly Disagree,1=  Strongly Disagree,1=  Strongly Disagree,3= Neutral,3= Neutral,3= Neutral,2= Disagree,2= Disagree,2= Disagree,2= Disagree,1=  Strongly Disagree,1=  Strongly Disagree,1=  Strongly Disagree,,3= Neutral,3= Neutral,3= Neutral,2= Disagree
5/7/2026 10:33:35,"Yes, I agree",4 = Agree,Small (1–50 employees),Female,18-30,PhD,more than 10 years,2= Disagree,2= Disagree,2= Disagree,2= Disagree,1=  Strongly Disagree,3= Neutral,2= Disagree,2= Disagree,2= Disagree,3= Neutral,3= Neutral,3= Neutral,2= Disagree,2= Disagree,3= Neutral,3= Neutral,1=  Strongly Disagree,3= Neutral,2= Disagree,2= Disagree,1=  Strongly Disagree,,3= Neutral,1=  Strongly Disagree,3= Neutral,1=  Strongly Disagree
5/7/2026 10:34:42,"Yes, I agree",4 = Agree,Medium (51–250 employees),Female,40-50,Master's degree,4-6 years,1=  Strongly Disagree,1=  Strongly Disagree,3= Neutral,2= Disagree,3= Neutral,2= Disagree,2= Disagree,1=  Strongly Disagree,1=  Strongly Disagree,3= Neutral,3= Neutral,2= Disagree,2= Disagree,2= Disagree,1=  Strongly Disagree,3= Neutral,3= Neutral,1=  Strongly Disagree,1=  Strongly Disagree,3= Neutral,1=  Strongly Disagree,,3= Neutral,3= Neutral,1=  Strongly Disagree,2= Disagree
5/7/2026 10:35:47,"Yes, I agree",4 = Agree,Medium (51–250 employees),Male,30-40,PhD,more than 10 years,1=  Strongly Disagree,2= Disagree,2= Disagree,3= Neutral,1=  Strongly Disagree,2= Disagree,3= Neutral,1=  Strongly Disagree,2= Disagree,2= Disagree,3= Neutral,2= Disagree,2= Disagree,3= Neutral,1=  Strongly Disagree,2= Disagree,2= Disagree,2= Disagree,1=  Strongly Disagree,1=  Strongly Disagree,2= Disagree,,1=  Strongly Disagree,1=  Strongly Disagree,2= Disagree,2= Disagree
5/7/2026 10:36:05,"Yes, I agree",4 = Agree,Medium (51–250 employees),Male,30-40,Master's degree,7-10 years,1=  Strongly Disagree,2= Disagree,3= Neutral,1=  Strongly Disagree,2= Disagree,3= Neutral,1=  Strongly Disagree,2= Disagree,3= Neutral,1=  Strongly Disagree,2= Disagree,3= Neutral,1=  Strongly Disagree,2= Disagree,2= Disagree,3= Neutral,1=  Strongly Disagree,2= Disagree,3= Neutral,1=  Strongly Disagree,2= Disagree,,3= Neutral,1=  Strongly Disagree,2= Disagree,3= Neutral
5/7/2026 10:37:16,"Yes, I agree",4 = Agree,Medium (51–250 employees),Female,40-50,Master's degree,4-6 years,3= Neutral,1=  Strongly Disagree,2= Disagree,2= Disagree,3= Neutral,2= Disagree,2= Disagree,3= Neutral,1=  Strongly Disagree,3= Neutral,1=  Strongly Disagree,2= Disagree,3= Neutral,2= Disagree,1=  Strongly Disagree,1=  Strongly Disagree,3= Neutral,2= Disagree,3= Neutral,2= Disagree,1=  Strongly Disagree,,2= Disagree,1=  Strongly Disagree,1=  Strongly Disagree,2= Disagree
5/7/2026 10:38:44,"Yes, I agree",4 = Agree,Small (1–50 employees),Female,50-60,PhD,4-6 years,1=  Strongly Disagree,2= Disagree,3= Neutral,2= Disagree,1=  Strongly Disagree,1=  Strongly Disagree,2= Disagree,3= Neutral,1=  Strongly Disagree,2= Disagree,2= Disagree,2= Disagree,3= Neutral,1=  Strongly Disagree,3= Neutral,2= Disagree,2= Disagree,1=  Strongly Disagree,3= Neutral,1=  Strongly Disagree,1=  Strongly Disagree,,1=  Strongly Disagree,3= Neutral,1=  Strongly Disagree,2= Disagree
5/7/2026 10:40:16,"Yes, I agree",4 = Agree,Medium (51–250 employees),Male,40-50,Master's degree,4-6 years,3= Neutral,1=  Strongly Disagree,2= Disagree,2= Disagree,3= Neutral,3= Neutral,2= Disagree,1=  Strongly Disagree,2= Disagree,2= Disagree,3= Neutral,3= Neutral,1=  Strongly Disagree,2= Disagree,3= Neutral,1=  Strongly Disagree,2= Disagree,1=  Strongly Disagree,3= Neutral,3= Neutral,1=  Strongly Disagree,,2= Disagree,1=  Strongly Disagree,2= Disagree,1=  Strongly Disagree
5/7/2026 10:41:00,"Yes, I agree",3 = Neutral,Large (more than 250 employees),Male,30-40,Master's degree,more than 10 years,3= Neutral,1=  Strongly Disagree,2= Disagree,3= Neutral,1=  Strongly Disagree,2= Disagree,3= Neutral,1=  Strongly Disagree,2= Disagree,3= Neutral,1=  Strongly Disagree,2= Disagree,3= Neutral,1=  Strongly Disagree,2= Disagree,3= Neutral,1=  Strongly Disagree,2= Disagree,3= Neutral,1=  Strongly Disagree,2= Disagree,,3= Neutral,1=  Strongly Disagree,2= Disagree,2= Disagree
5/7/2026 10:41:55,"Yes, I agree",2 = Disagree,Medium (51–250 employees),Female,30-40,Master's degree,7-10 years,1=  Strongly Disagree,2= Disagree,2= Disagree,2= Disagree,1=  Strongly Disagree,1=  Strongly Disagree,1=  Strongly Disagree,1=  Strongly Disagree,3= Neutral,1=  Strongly Disagree,1=  Strongly Disagree,3= Neutral,2= Disagree,2= Disagree,3= Neutral,1=  Strongly Disagree,2= Disagree,1=  Strongly Disagree,3= Neutral,3= Neutral,2= Disagree,,2= Disagree,1=  Strongly Disagree,1=  Strongly Disagree,3= Neutral
5/7/2026 10:43:11,"Yes, I agree",2 = Disagree,Medium (51–250 employees),Male,18-30,Master's degree,7-10 years,2= Disagree,2= Disagree,2= Disagree,3= Neutral,3= Neutral,1=  Strongly Disagree,3= Neutral,3= Neutral,3= Neutral,3= Neutral,3= Neutral,2= Disagree,2= Disagree,3= Neutral,1=  Strongly Disagree,1=  Strongly Disagree,2= Disagree,3= Neutral,2= Disagree,2= Disagree,2= Disagree,,2= Disagree,1=  Strongly Disagree,2= Disagree,3= Neutral
5/7/2026 10:43:22,"Yes, I agree",4 = Agree,Large (more than 250 employees),Female,40-50,Master's degree,7-10 years,4 = Agree,2= Disagree,1=  Strongly Disagree,2= Disagree,3= Neutral,2= Disagree,1=  Strongly Disagree,3= Neutral,4 = Agree,2= Disagree,1=  Strongly Disagree,1=  Strongly Disagree,1=  Strongly Disagree,2= Disagree,1=  Strongly Disagree,1=  Strongly Disagree,1=  Strongly Disagree,2= Disagree,2= Disagree,2= Disagree,1=  Strongly Disagree,,1=  Strongly Disagree,1=  Strongly Disagree,1=  Strongly Disagree,1=  Strongly Disagree
5/7/2026 10:56:09,"Yes, I agree",4 = Agree,Medium (51–250 employees),Female,60-70,PhD,7-10 years,1=  Strongly Disagree,2= Disagree,2= Disagree,3= Neutral,2= Disagree,2= Disagree,3= Neutral,2= Disagree,2= Disagree,3= Neutral,2= Disagree,2= Disagree,2= Disagree,2= Disagree,2= Disagree,3= Neutral,1=  Strongly Disagree,1=  Strongly Disagree,1=  Strongly Disagree,2= Disagree,1=  Strongly Disagree,,1=  Strongly Disagree,1=  Strongly Disagree,1=  Strongly Disagree,1=  Strongly Disagree
5/7/2026 10:56:57,"Yes, I agree",3 = Neutral,Medium (51–250 employees),Male,18-30,Bachelor's degree,1-3 years,1=  Strongly Disagree,1=  Strongly Disagree,1=  Strongly Disagree,2= Disagree,3= Neutral,3= Neutral,3= Neutral,3= Neutral,3= Neutral,3= Neutral,3= Neutral,3= Neutral,3= Neutral,3= Neutral,3= Neutral,3= Neutral,3= Neutral,3= Neutral,3= Neutral,3= Neutral,3= Neutral,,3= Neutral,3= Neutral,3= Neutral,3= Neutral
5/7/2026 10:57:00,"Yes, I agree",4 = Agree,Medium (51–250 employees),Male,50-60,PhD,4-6 years,2= Disagree,1=  Strongly Disagree,1=  Strongly Disagree,1=  Strongly Disagree,1=  Strongly Disagree,1=  Strongly Disagree,1=  Strongly Disagree,1=  Strongly Disagree,1=  Strongly Disagree,3= Neutral,3= Neutral,3= Neutral,3= Neutral,3= Neutral,3= Neutral,3= Neutral,3= Neutral,3= Neutral,3= Neutral,3= Neutral,3= Neutral,,3= Neutral,3= Neutral,3= Neutral,3= Neutral
5/7/2026 10:58:28,"Yes, I agree",4 = Agree,Medium (51–250 employees),Female,30-40,Master's degree,7-10 years,2= Disagree,2= Disagree,2= Disagree,2= Disagree,1=  Strongly Disagree,1=  Strongly Disagree,1=  Strongly Disagree,1=  Strongly Disagree,1=  Strongly Disagree,3= Neutral,3= Neutral,3= Neutral,3= Neutral,3= Neutral,3= Neutral,3= Neutral,3= Neutral,3= Neutral,3= Neutral,3= Neutral,3= Neutral,,3= Neutral,3= Neutral,3= Neutral,3= Neutral
5/7/2026 10:58:44,"Yes, I agree",4 = Agree,Medium (51–250 employees),Male,40-50,PhD,more than 10 years,1=  Strongly Disagree,1=  Strongly Disagree,1=  Strongly Disagree,1=  Strongly Disagree,1=  Strongly Disagree,1=  Strongly Disagree,1=  Strongly Disagree,1=  Strongly Disagree,1=  Strongly Disagree,1=  Strongly Disagree,1=  Strongly Disagree,1=  Strongly Disagree,1=  Strongly Disagree,1=  Strongly Disagree,1=  Strongly Disagree,1=  Strongly Disagree,1=  Strongly Disagree,1=  Strongly Disagree,1=  Strongly Disagree,1=  Strongly Disagree,1=  Strongly Disagree,,1=  Strongly Disagree,1=  Strongly Disagree,1=  Strongly Disagree,1=  Strongly Disagree
5/7/2026 10:59:56,"Yes, I agree",4 = Agree,Medium (51–250 employees),Female,40-50,Other,4-6 years,3= Neutral,1=  Strongly Disagree,1=  Strongly Disagree,3= Neutral,1=  Strongly Disagree,2= Disagree,2= Disagree,3= Neutral,2= Disagree,3= Neutral,3= Neutral,3= Neutral,3= Neutral,3= Neutral,3= Neutral,3= Neutral,3= Neutral,3= Neutral,3= Neutral,3= Neutral,3= Neutral,,3= Neutral,3= Neutral,3= Neutral,3= Neutral
5/7/2026 11:01:54,"Yes, I agree",4 = Agree,Medium (51–250 employees),Female,30-40,Master's degree,7-10 years,1=  Strongly Disagree,3= Neutral,3= Neutral,2= Disagree,4 = Agree,4 = Agree,4 = Agree,3= Neutral,4 = Agree,3= Neutral,3= Neutral,3= Neutral,3= Neutral,3= Neutral,3= Neutral,3= Neutral,3= Neutral,3= Neutral,3= Neutral,3= Neutral,3= Neutral,,3= Neutral,3= Neutral,3= Neutral,3= Neutral
5/7/2026 11:03:33,"Yes, I agree",3 = Neutral,Medium (51–250 employees),Female,30-40,PhD,7-10 years,2= Disagree,1=  Strongly Disagree,1=  Strongly Disagree,3= Neutral,2= Disagree,1=  Strongly Disagree,3= Neutral,3= Neutral,3= Neutral,3= Neutral,3= Neutral,3= Neutral,3= Neutral,3= Neutral,3= Neutral,3= Neutral,3= Neutral,3= Neutral,3= Neutral,3= Neutral,3= Neutral,,3= Neutral,3= Neutral,3= Neutral,3= Neutral
5/7/2026 11:04:08,"Yes, I agree",4 = Agree,Large (more than 250 employees),Female,30-40,Master's degree,more than 10 years,1=  Strongly Disagree,1=  Strongly Disagree,1=  Strongly Disagree,3= Neutral,3= Neutral,3= Neutral,3= Neutral,3= Neutral,2= Disagree,3= Neutral,3= Neutral,3= Neutral,3= Neutral,3= Neutral,3= Neutral,3= Neutral,3= Neutral,3= Neutral,3= Neutral,3= Neutral,2= Disagree,,3= Neutral,3= Neutral,3= Neutral,3= Neutral
5/7/2026 11:04:59,"Yes, I agree",3 = Neutral,Medium (51–250 employees),Female,50-60,PhD,7-10 years,3= Neutral,1=  Strongly Disagree,2= Disagree,3= Neutral,3= Neutral,3= Neutral,2= Disagree,1=  Strongly Disagree,2= Disagree,3= Neutral,3= Neutral,3= Neutral,3= Neutral,3= Neutral,3= Neutral,3= Neutral,3= Neutral,3= Neutral,3= Neutral,3= Neutral,3= Neutral,,3= Neutral,3= Neutral,3= Neutral,3= Neutral
5/7/2026 11:06:25,"Yes, I agree",4 = Agree,Medium (51–250 employees),Female,40-50,PhD,7-10 years,3= Neutral,3= Neutral,2= Disagree,1=  Strongly Disagree,1=  Strongly Disagree,3= Neutral,2= Disagree,2= Disagree,3= Neutral,3= Neutral,3= Neutral,3= Neutral,3= Neutral,3= Neutral,3= Neutral,3= Neutral,3= Neutral,3= Neutral,3= Neutral,3= Neutral,3= Neutral,,3= Neutral,3= Neutral,3= Neutral,3= Neutral
5/7/2026 11:07:38,"Yes, I agree",3 = Neutral,Small (1–50 employees),Male,40-50,Other,7-10 years,2= Disagree,2= Disagree,2= Disagree,2= Disagree,2= Disagree,2= Disagree,2= Disagree,2= Disagree,2= Disagree,2= Disagree,2= Disagree,2= Disagree,2= Disagree,2= Disagree,2= Disagree,2= Disagree,2= Disagree,2= Disagree,2= Disagree,2= Disagree,2= Disagree,,2= Disagree,2= Disagree,2= Disagree,2= Disagree
5/7/2026 11:08:13,"Yes, I agree",4 = Agree,Medium (51–250 employees),Female,40-50,Master's degree,4-6 years,1=  Strongly Disagree,1=  Strongly Disagree,3= Neutral,3= Neutral,2= Disagree,2= Disagree,1=  Strongly Disagree,3= Neutral,1=  Strongly Disagree,1=  Strongly Disagree,3= Neutral,3= Neutral,3= Neutral,3= Neutral,3= Neutral,3= Neutral,3= Neutral,3= Neutral,3= Neutral,3= Neutral,3= Neutral,,3= Neutral,3= Neutral,3= Neutral,3= Neutral
5/7/2026 11:09:52,"Yes, I agree",4 = Agree,Medium (51–250 employees),Female,40-50,PhD,4-6 years,1=  Strongly Disagree,2= Disagree,3= Neutral,1=  Strongly Disagree,3= Neutral,2= Disagree,2= Disagree,3= Neutral,1=  Strongly Disagree,3= Neutral,3= Neutral,3= Neutral,3= Neutral,3= Neutral,3= Neutral,3= Neutral,3= Neutral,3= Neutral,3= Neutral,3= Neutral,3= Neutral,,3= Neutral,3= Neutral,3= Neutral,3= Neutral
5/7/2026 11:21:10,"Yes, I agree",4 = Agree,Medium (51–250 employees),Male,30-40,Bachelor's degree,7-10 years,4 = Agree,4-= Agree,4 = Agree,4 = Agree,4 = Agree,4 = Agree,4 = Agree,4 = Agree,4 = Agree,4 = Agree,4 = Agree,4 = Agree,4 = Agree,4 = Agree,4 = Agree,4 = Agree,4 = Agree,4 = Agree,4 = Agree,4 = Agree,4 = Agree,,4 = Agree,4 = Agree,4 = Agree,4 = Agree
5/7/2026 11:31:18,"Yes, I agree",5 = Strongly Agree,Small (1–50 employees),Female,18-30,Other,1-3 years,3= Neutral,2= Disagree,3= Neutral,3= Neutral,2= Disagree,2= Disagree,2= Disagree,1=  Strongly Disagree,3= Neutral,2= Disagree,2= Disagree,2= Disagree,2= Disagree,2= Disagree,3= Neutral,2= Disagree,2= Disagree,2= Disagree,3= Neutral,3= Neutral,2= Disagree,,2= Disagree,3= Neutral,2= Disagree,2= Disagree
5/7/2026 11:33:59,"Yes, I agree",4 = Agree,Medium (51–250 employees),Male,30-40,Master's degree,more than 10 years,2= Disagree,2= Disagree,3= Neutral,4 = Agree,1=  Strongly Disagree,2= Disagree,2= Disagree,5= Strongly Agree,3= Neutral,3= Neutral,3= Neutral,3= Neutral,3= Neutral,3= Neutral,3= Neutral,3= Neutral,3= Neutral,3= Neutral,3= Neutral,3= Neutral,3= Neutral,,3= Neutral,3= Neutral,3= Neutral,3= Neutral
5/7/2026 11:35:01,"Yes, I agree",3 = Neutral,Medium (51–250 employees),Female,30-40,Master's degree,4-6 years,2= Disagree,2= Disagree,3= Neutral,1=  Strongly Disagree,1=  Strongly Disagree,1=  Strongly Disagree,1=  Strongly Disagree,3= Neutral,2= Disagree,3= Neutral,3= Neutral,3= Neutral,2= Disagree,2= Disagree,2= Disagree,2= Disagree,3= Neutral,3= Neutral,3= Neutral,3= Neutral,3= Neutral,,3= Neutral,3= Neutral,3= Neutral,3= Neutral
5/7/2026 11:35:51,"Yes, I agree",4 = Agree,Large (more than 250 employees),Male,30-40,Master's degree,more than 10 years,4 = Agree,1=  Strongly Disagree,1=  Strongly Disagree,4 = Agree,1=  Strongly Disagree,2= Disagree,4 = Agree,4 = Agree,4 = Agree,4 = Agree,3= Neutral,4 = Agree,4 = Agree,4 = Agree,4 = Agree,4 = Agree,4 = Agree,4 = Agree,4 = Agree,4 = Agree,4 = Agree,,4 = Agree,4 = Agree,4 = Agree,4 = Agree
5/7/2026 11:36:01,"Yes, I agree",3 = Neutral,Medium (51–250 employees),Male,18-30,Master's degree,7-10 years,2= Disagree,3= Neutral,3= Neutral,1=  Strongly Disagree,1=  Strongly Disagree,3= Neutral,2= Disagree,3= Neutral,3= Neutral,3= Neutral,3= Neutral,3= Neutral,3= Neutral,3= Neutral,3= Neutral,3= Neutral,3= Neutral,3= Neutral,3= Neutral,3= Neutral,3= Neutral,,3= Neutral,3= Neutral,3= Neutral,3= Neutral
5/7/2026 11:37:14,"Yes, I agree",4 = Agree,Medium (51–250 employees),Male,40-50,Master's degree,4-6 years,3= Neutral,3= Neutral,2= Disagree,1=  Strongly Disagree,1=  Strongly Disagree,1=  Strongly Disagree,2= Disagree,1=  Strongly Disagree,2= Disagree,3= Neutral,3= Neutral,3= Neutral,3= Neutral,3= Neutral,3= Neutral,3= Neutral,3= Neutral,3= Neutral,3= Neutral,3= Neutral,3= Neutral,,3= Neutral,3= Neutral,3= Neutral,3= Neutral
5/7/2026 11:38:00,"Yes, I agree",4 = Agree,Medium (51–250 employees),Female,40-50,Master's degree,7-10 years,3= Neutral,4-= Agree,3= Neutral,1=  Strongly Disagree,2= Disagree,1=  Strongly Disagree,1=  Strongly Disagree,2= Disagree,3= Neutral,3= Neutral,3= Neutral,3= Neutral,3= Neutral,3= Neutral,3= Neutral,3= Neutral,3= Neutral,3= Neutral,3= Neutral,3= Neutral,3= Neutral,,3= Neutral,3= Neutral,3= Neutral,3= Neutral
5/7/2026 11:39:00,"Yes, I agree",3 = Neutral,Medium (51–250 employees),Female,40-50,PhD,7-10 years,2= Disagree,1=  Strongly Disagree,1=  Strongly Disagree,2= Disagree,2= Disagree,1=  Strongly Disagree,1=  Strongly Disagree,2= Disagree,3= Neutral,3= Neutral,3= Neutral,3= Neutral,3= Neutral,3= Neutral,3= Neutral,3= Neutral,3= Neutral,3= Neutral,3= Neutral,3= Neutral,3= Neutral,,3= Neutral,3= Neutral,3= Neutral,3= Neutral
5/7/2026 11:42:25,"Yes, I agree",3 = Neutral,Large (more than 250 employees),Female,30-40,Master's degree,4-6 years,1=  Strongly Disagree,4-= Agree,3= Neutral,1=  Strongly Disagree,1=  Strongly Disagree,2= Disagree,2= Disagree,1=  Strongly Disagree,1=  Strongly Disagree,1=  Strongly Disagree,2= Disagree,2= Disagree,2= Disagree,3= Neutral,1=  Strongly Disagree,2= Disagree,1=  Strongly Disagree,3= Neutral,3= Neutral,4 = Agree,3= Neutral,,3= Neutral,3= Neutral,3= Neutral,3= Neutral
5/7/2026 21:51:16,"Yes, I agree",3 = Neutral,Medium (51–250 employees),Female,40-50,Other,7-10 years,2= Disagree,2= Disagree,1=  Strongly Disagree,1=  Strongly Disagree,1=  Strongly Disagree,1=  Strongly Disagree,2= Disagree,2= Disagree,2= Disagree,2= Disagree,1=  Strongly Disagree,3= Neutral,2= Disagree,1=  Strongly Disagree,2= Disagree,1=  Strongly Disagree,1=  Strongly Disagree,1=  Strongly Disagree,2= Disagree,2= Disagree,2= Disagree,,2= Disagree,2= Disagree,3= Neutral,1=  Strongly Disagree
5/7/2026 21:53:38,"Yes, I agree",2 = Disagree,Small (1–50 employees),Male,30-40,Master's degree,4-6 years,2= Disagree,1=  Strongly Disagree,2= Disagree,3= Neutral,1=  Strongly Disagree,2= Disagree,2= Disagree,3= Neutral,1=  Strongly Disagree,1=  Strongly Disagree,1=  Strongly Disagree,2= Disagree,2= Disagree,2= Disagree,1=  Strongly Disagree,1=  Strongly Disagree,2= Disagree,2= Disagree,2= Disagree,2= Disagree,2= Disagree,,1=  Strongly Disagree,2= Disagree,2= Disagree,1=  Strongly Disagree
5/7/2026 21:54:36,"Yes, I agree",2 = Disagree,Small (1–50 employees),Male,30-40,Master's degree,7-10 years,2= Disagree,2= Disagree,1=  Strongly Disagree,3= Neutral,1=  Strongly Disagree,1=  Strongly Disagree,2= Disagree,2= Disagree,2= Disagree,2= Disagree,2= Disagree,1=  Strongly Disagree,1=  Strongly Disagree,1=  Strongly Disagree,1=  Strongly Disagree,1=  Strongly Disagree,1=  Strongly Disagree,2= Disagree,2= Disagree,1=  Strongly Disagree,1=  Strongly Disagree,,2= Disagree,2= Disagree,2= Disagree,1=  Strongly Disagree
5/7/2026 21:59:32,"Yes, I agree",3 = Neutral,Medium (51–250 employees),Male,30-40,Master's degree,7-10 years,2= Disagree,1=  Strongly Disagree,2= Disagree,1=  Strongly Disagree,1=  Strongly Disagree,2= Disagree,2= Disagree,1=  Strongly Disagree,1=  Strongly Disagree,2= Disagree,1=  Strongly Disagree,2= Disagree,2= Disagree,2= Disagree,1=  Strongly Disagree,1=  Strongly Disagree,1=  Strongly Disagree,1=  Strongly Disagree,2= Disagree,1=  Strongly Disagree,2= Disagree,,2= Disagree,1=  Strongly Disagree,1=  Strongly Disagree,1=  Strongly Disagree
5/7/2026 22:00:52,"Yes, I agree",2 = Disagree,Small (1–50 employees),Male,30-40,Master's degree,7-10 years,2= Disagree,1=  Strongly Disagree,1=  Strongly Disagree,1=  Strongly Disagree,2= Disagree,1=  Strongly Disagree,1=  Strongly Disagree,2= Disagree,1=  Strongly Disagree,1=  Strongly Disagree,1=  Strongly Disagree,2= Disagree,2= Disagree,2= Disagree,1=  Strongly Disagree,2= Disagree,2= Disagree,1=  Strongly Disagree,2= Disagree,2= Disagree,2= Disagree,,1=  Strongly Disagree,1=  Strongly Disagree,1=  Strongly Disagree,1=  Strongly Disagree
5/7/2026 22:01:49,"Yes, I agree",3 = Neutral,Large (more than 250 employees),Male,40-50,Bachelor's degree,more than 10 years,1=  Strongly Disagree,2= Disagree,1=  Strongly Disagree,2= Disagree,1=  Strongly Disagree,2= Disagree,2= Disagree,1=  Strongly Disagree,1=  Strongly Disagree,2= Disagree,2= Disagree,2= Disagree,2= Disagree,1=  Strongly Disagree,2= Disagree,1=  Strongly Disagree,1=  Strongly Disagree,1=  Strongly Disagree,2= Disagree,2= Disagree,1=  Strongly Disagree,,2= Disagree,1=  Strongly Disagree,1=  Strongly Disagree,1=  Strongly Disagree
5/7/2026 22:02:46,"No, I don't agree",1=  Strongly Disagree,Medium (51–250 employees),Male,30-40,Bachelor's degree,7-10 years,2= Disagree,2= Disagree,3= Neutral,3= Neutral,2= Disagree,2= Disagree,1=  Strongly Disagree,2= Disagree,2= Disagree,1=  Strongly Disagree,2= Disagree,2= Disagree,1=  Strongly Disagree,1=  Strongly Disagree,1=  Strongly Disagree,2= Disagree,2= Disagree,2= Disagree,2= Disagree,1=  Strongly Disagree,1=  Strongly Disagree,,1=  Strongly Disagree,1=  Strongly Disagree,1=  Strongly Disagree,2= Disagree
5/7/2026 22:07:19,"Yes, I agree",3 = Neutral,Small (1–50 employees),Male,30-40,Master's degree,7-10 years,1=  Strongly Disagree,1=  Strongly Disagree,2= Disagree,1=  Strongly Disagree,1=  Strongly Disagree,1=  Strongly Disagree,1=  Strongly Disagree,2= Disagree,1=  Strongly Disagree,1=  Strongly Disagree,1=  Strongly Disagree,1=  Strongly Disagree,1=  Strongly Disagree,1=  Strongly Disagree,1=  Strongly Disagree,1=  Strongly Disagree,1=  Strongly Disagree,1=  Strongly Disagree,1=  Strongly Disagree,1=  Strongly Disagree,2= Disagree,,2= Disagree,1=  Strongly Disagree,2= Disagree,1=  Strongly Disagree
5/7/2026 22:08:05,"No, I don't agree",1=  Strongly Disagree,Small (1–50 employees),Female,18-30,Master's degree,4-6 years,1=  Strongly Disagree,2= Disagree,1=  Strongly Disagree,1=  Strongly Disagree,1=  Strongly Disagree,1=  Strongly Disagree,1=  Strongly Disagree,2= Disagree,2= Disagree,1=  Strongly Disagree,2= Disagree,1=  Strongly Disagree,2= Disagree,1=  Strongly Disagree,1=  Strongly Disagree,1=  Strongly Disagree,1=  Strongly Disagree,1=  Strongly Disagree,2= Disagree,2= Disagree,1=  Strongly Disagree,,1=  Strongly Disagree,1=  Strongly Disagree,2= Disagree,2= Disagree
5/7/2026 22:08:50,"No, I don't agree",2 = Disagree,Small (1–50 employees),Female,18-30,Master's degree,4-6 years,2= Disagree,2= Disagree,2= Disagree,2= Disagree,2= Disagree,2= Disagree,2= Disagree,2= Disagree,2= Disagree,2= Disagree,2= Disagree,2= Disagree,2= Disagree,2= Disagree,2= Disagree,2= Disagree,2= Disagree,2= Disagree,1=  Strongly Disagree,1=  Strongly Disagree,1=  Strongly Disagree,,2= Disagree,2= Disagree,2= Disagree,2= Disagree
5/7/2026 22:09:33,"No, I don't agree",1=  Strongly Disagree,Medium (51–250 employees),Male,40-50,Master's degree,7-10 years,1=  Strongly Disagree,2= Disagree,1=  Strongly Disagree,1=  Strongly Disagree,2= Disagree,1=  Strongly Disagree,1=  Strongly Disagree,2= Disagree,1=  Strongly Disagree,2= Disagree,2= Disagree,2= Disagree,2= Disagree,2= Disagree,1=  Strongly Disagree,1=  Strongly Disagree,1=  Strongly Disagree,2= Disagree,1=  Strongly Disagree,1=  Strongly Disagree,1=  Strongly Disagree,,1=  Strongly Disagree,2= Disagree,1=  Strongly Disagree,1=  Strongly Disagree
5/7/2026 22:10:18,"Yes, I agree",2 = Disagree,Small (1–50 employees),Male,30-40,Bachelor's degree,1-3 years,1=  Strongly Disagree,1=  Strongly Disagree,1=  Strongly Disagree,1=  Strongly Disagree,1=  Strongly Disagree,1=  Strongly Disagree,1=  Strongly Disagree,2= Disagree,1=  Strongly Disagree,1=  Strongly Disagree,1=  Strongly Disagree,1=  Strongly Disagree,1=  Strongly Disagree,1=  Strongly Disagree,1=  Strongly Disagree,1=  Strongly Disagree,1=  Strongly Disagree,1=  Strongly Disagree,1=  Strongly Disagree,1=  Strongly Disagree,2= Disagree,,1=  Strongly Disagree,1=  Strongly Disagree,1=  Strongly Disagree,1=  Strongly Disagree
5/7/2026 22:11:08,"Yes, I agree",1=  Strongly Disagree,Medium (51–250 employees),Male,40-50,Bachelor's degree,7-10 years,3= Neutral,3= Neutral,3= Neutral,3= Neutral,3= Neutral,3= Neutral,3= Neutral,3= Neutral,3= Neutral,3= Neutral,3= Neutral,3= Neutral,3= Neutral,3= Neutral,3= Neutral,3= Neutral,3= Neutral,3= Neutral,3= Neutral,3= Neutral,3= Neutral,,3= Neutral,3= Neutral,3= Neutral,3= Neutral
5/7/2026 22:12:47,"No, I don't agree",3 = Neutral,Medium (51–250 employees),Female,30-40,Master's degree,7-10 years,2= Disagree,2= Disagree,2= Disagree,1=  Strongly Disagree,1=  Strongly Disagree,1=  Strongly Disagree,2= Disagree,2= Disagree,2= Disagree,2= Disagree,2= Disagree,1=  Strongly Disagree,2= Disagree,2= Disagree,2= Disagree,2= Disagree,2= Disagree,1=  Strongly Disagree,2= Disagree,2= Disagree,2= Disagree,,2= Disagree,2= Disagree,2= Disagree,2= Disagree
5/7/2026 22:13:33,"No, I don't agree",3 = Neutral,Medium (51–250 employees),Female,30-40,Master's degree,4-6 years,2= Disagree,2= Disagree,2= Disagree,1=  Strongly Disagree,2= Disagree,2= Disagree,2= Disagree,1=  Strongly Disagree,2= Disagree,2= Disagree,2= Disagree,2= Disagree,2= Disagree,1=  Strongly Disagree,1=  Strongly Disagree,2= Disagree,1=  Strongly Disagree,2= Disagree,2= Disagree,2= Disagree,2= Disagree,,2= Disagree,2= Disagree,1=  Strongly Disagree,2= Disagree
5/7/2026 22:14:25,"Yes, I agree",2 = Disagree,Small (1–50 employees),Male,18-30,Bachelor's degree,4-6 years,1=  Strongly Disagree,2= Disagree,1=  Strongly Disagree,1=  Strongly Disagree,2= Disagree,2= Disagree,1=  Strongly Disagree,1=  Strongly Disagree,1=  Strongly Disagree,1=  Strongly Disagree,1=  Strongly Disagree,1=  Strongly Disagree,2= Disagree,1=  Strongly Disagree,1=  Strongly Disagree,1=  Strongly Disagree,1=  Strongly Disagree,2= Disagree,1=  Strongly Disagree,2= Disagree,2= Disagree,,2= Disagree,1=  Strongly Disagree,1=  Strongly Disagree,2= Disagree
5/7/2026 22:15:21,"No, I don't agree",3 = Neutral,Medium (51–250 employees),Female,18-30,Bachelor's degree,1-3 years,3= Neutral,3= Neutral,3= Neutral,1=  Strongly Disagree,3= Neutral,2= Disagree,1=  Strongly Disagree,3= Neutral,3= Neutral,3= Neutral,1=  Strongly Disagree,2= Disagree,2= Disagree,2= Disagree,3= Neutral,3= Neutral,3= Neutral,3= Neutral,3= Neutral,3= Neutral,3= Neutral,,2= Disagree,3= Neutral,2= Disagree,2= Disagree
5/7/2026 22:16:13,"No, I don't agree",2 = Disagree,Medium (51–250 employees),Male,30-40,Other,1-3 years,2= Disagree,2= Disagree,2= Disagree,2= Disagree,2= Disagree,2= Disagree,2= Disagree,2= Disagree,2= Disagree,2= Disagree,2= Disagree,2= Disagree,2= Disagree,2= Disagree,2= Disagree,1=  Strongly Disagree,2= Disagree,1=  Strongly Disagree,2= Disagree,2= Disagree,2= Disagree,,2= Disagree,1=  Strongly Disagree,1=  Strongly Disagree,1=  Strongly Disagree
5/7/2026 22:16:59,"No, I don't agree",2 = Disagree,Medium (51–250 employees),Female,30-40,Other,4-6 years,1=  Strongly Disagree,1=  Strongly Disagree,1=  Strongly Disagree,2= Disagree,1=  Strongly Disagree,1=  Strongly Disagree,1=  Strongly Disagree,1=  Strongly Disagree,1=  Strongly Disagree,1=  Strongly Disagree,1=  Strongly Disagree,1=  Strongly Disagree,1=  Strongly Disagree,1=  Strongly Disagree,1=  Strongly Disagree,1=  Strongly Disagree,1=  Strongly Disagree,1=  Strongly Disagree,1=  Strongly Disagree,1=  Strongly Disagree,1=  Strongly Disagree,,1=  Strongly Disagree,2= Disagree,1=  Strongly Disagree,1=  Strongly Disagree
5/7/2026 22:20:38,"No, I don't agree",3 = Neutral,Small (1–50 employees),Male,30-40,Other,4-6 years,1=  Strongly Disagree,1=  Strongly Disagree,1=  Strongly Disagree,1=  Strongly Disagree,1=  Strongly Disagree,1=  Strongly Disagree,1=  Strongly Disagree,2= Disagree,1=  Strongly Disagree,2= Disagree,1=  Strongly Disagree,2= Disagree,1=  Strongly Disagree,1=  Strongly Disagree,1=  Strongly Disagree,1=  Strongly Disagree,1=  Strongly Disagree,2= Disagree,1=  Strongly Disagree,1=  Strongly Disagree,2= Disagree,,1=  Strongly Disagree,1=  Strongly Disagree,2= Disagree,2= Disagree
5/7/2026 22:21:31,"Yes, I agree",2 = Disagree,Small (1–50 employees),Female,30-40,Bachelor's degree,1-3 years,3= Neutral,3= Neutral,3= Neutral,2= Disagree,2= Disagree,3= Neutral,2= Disagree,3= Neutral,3= Neutral,2= Disagree,3= Neutral,2= Disagree,3= Neutral,2= Disagree,2= Disagree,3= Neutral,3= Neutral,2= Disagree,2= Disagree,3= Neutral,2= Disagree,,2= Disagree,3= Neutral,2= Disagree,1=  Strongly Disagree
5/7/2026 22:22:19,"No, I don't agree",2 = Disagree,Medium (51–250 employees),Male,18-30,Bachelor's degree,4-6 years,1=  Strongly Disagree,1=  Strongly Disagree,2= Disagree,2= Disagree,2= Disagree,2= Disagree,2= Disagree,2= Disagree,1=  Strongly Disagree,2= Disagree,2= Disagree,2= Disagree,2= Disagree,2= Disagree,2= Disagree,2= Disagree,1=  Strongly Disagree,2= Disagree,2= Disagree,2= Disagree,2= Disagree,,1=  Strongly Disagree,2= Disagree,2= Disagree,1=  Strongly Disagree
5/7/2026 22:23:22,"No, I don't agree",3 = Neutral,Medium (51–250 employees),Male,30-40,Bachelor's degree,4-6 years,3= Neutral,3= Neutral,3= Neutral,3= Neutral,3= Neutral,3= Neutral,3= Neutral,3= Neutral,3= Neutral,3= Neutral,3= Neutral,3= Neutral,3= Neutral,3= Neutral,1=  Strongly Disagree,3= Neutral,3= Neutral,3= Neutral,3= Neutral,3= Neutral,3= Neutral,,3= Neutral,3= Neutral,3= Neutral,3= Neutral
5/7/2026 22:24:31,"No, I don't agree",4 = Agree,Medium (51–250 employees),Female,30-40,Master's degree,7-10 years,2= Disagree,2= Disagree,1=  Strongly Disagree,1=  Strongly Disagree,1=  Strongly Disagree,2= Disagree,2= Disagree,2= Disagree,1=  Strongly Disagree,2= Disagree,2= Disagree,1=  Strongly Disagree,1=  Strongly Disagree,2= Disagree,2= Disagree,1=  Strongly Disagree,2= Disagree,2= Disagree,2= Disagree,2= Disagree,2= Disagree,,2= Disagree,1=  Strongly Disagree,1=  Strongly Disagree,1=  Strongly Disagree
5/8/2026 2:58:14,"Yes, I agree",4 = Agree,Medium (51–250 employees),Male,30-40,Bachelor's degree,7-10 years,2= Disagree,2= Disagree,2= Disagree,1=  Strongly Disagree,2= Disagree,1=  Strongly Disagree,2= Disagree,1=  Strongly Disagree,2= Disagree,2= Disagree,2= Disagree,1=  Strongly Disagree,2= Disagree,2= Disagree,2= Disagree,2= Disagree,2= Disagree,1=  Strongly Disagree,1=  Strongly Disagree,3= Neutral,1=  Strongly Disagree,,2= Disagree,1=  Strongly Disagree,2= Disagree,1=  Strongly Disagree
5/8/2026 2:59:52,"Yes, I agree",4 = Agree,Small (1–50 employees),Male,30-40,Bachelor's degree,7-10 years,2= Disagree,3= Neutral,1=  Strongly Disagree,2= Disagree,2= Disagree,1=  Strongly Disagree,2= Disagree,2= Disagree,3= Neutral,1=  Strongly Disagree,1=  Strongly Disagree,2= Disagree,2= Disagree,2= Disagree,2= Disagree,3= Neutral,1=  Strongly Disagree,1=  Strongly Disagree,2= Disagree,2= Disagree,1=  Strongly Disagree,,2= Disagree,2= Disagree,1=  Strongly Disagree,3= Neutral
5/8/2026 3:00:47,"Yes, I agree",4 = Agree,Medium (51–250 employees),Male,30-40,Master's degree,1-3 years,2= Disagree,3= Neutral,2= Disagree,2= Disagree,2= Disagree,2= Disagree,2= Disagree,2= Disagree,2= Disagree,2= Disagree,2= Disagree,2= Disagree,2= Disagree,3= Neutral,3= Neutral,3= Neutral,3= Neutral,3= Neutral,3= Neutral,3= Neutral,2= Disagree,,3= Neutral,3= Neutral,3= Neutral,3= Neutral
5/8/2026 3:02:21,"No, I don't agree",2 = Disagree,Medium (51–250 employees),Female,30-40,Bachelor's degree,4-6 years,2= Disagree,3= Neutral,3= Neutral,3= Neutral,3= Neutral,3= Neutral,3= Neutral,3= Neutral,3= Neutral,2= Disagree,3= Neutral,3= Neutral,3= Neutral,2= Disagree,3= Neutral,2= Disagree,3= Neutral,3= Neutral,3= Neutral,3= Neutral,2= Disagree,,3= Neutral,2= Disagree,3= Neutral,3= Neutral
5/8/2026 3:03:31,"Yes, I agree",3 = Neutral,Small (1–50 employees),Male,18-30,Other,4-6 years,2= Disagree,2= Disagree,3= Neutral,3= Neutral,2= Disagree,2= Disagree,2= Disagree,2= Disagree,2= Disagree,2= Disagree,3= Neutral,2= Disagree,1=  Strongly Disagree,2= Disagree,3= Neutral,2= Disagree,2= Disagree,2= Disagree,2= Disagree,1=  Strongly Disagree,2= Disagree,,3= Neutral,3= Neutral,2= Disagree,2= Disagree
5/8/2026 3:03:57,"Yes, I agree",2 = Disagree,Medium (51–250 employees),Male,40-50,Master's degree,7-10 years,3= Neutral,3= Neutral,3= Neutral,2= Disagree,2= Disagree,2= Disagree,2= Disagree,2= Disagree,2= Disagree,1=  Strongly Disagree,1=  Strongly Disagree,1=  Strongly Disagree,1=  Strongly Disagree,1=  Strongly Disagree,1=  Strongly Disagree,1=  Strongly Disagree,2= Disagree,3= Neutral,1=  Strongly Disagree,3= Neutral,1=  Strongly Disagree,,2= Disagree,2= Disagree,3= Neutral,2= Disagree
5/8/2026 3:05:13,"Yes, I agree",3 = Neutral,Medium (51–250 employees),Male,30-40,Master's degree,7-10 years,1=  Strongly Disagree,1=  Strongly Disagree,2= Disagree,2= Disagree,2= Disagree,2= Disagree,2= Disagree,2= Disagree,2= Disagree,2= Disagree,2= Disagree,2= Disagree,2= Disagree,2= Disagree,2= Disagree,3= Neutral,3= Neutral,3= Neutral,3= Neutral,3= Neutral,3= Neutral,,3= Neutral,2= Disagree,3= Neutral,3= Neutral
5/8/2026 3:05:42,"Yes, I agree",5 = Strongly Agree,Medium (51–250 employees),Male,40-50,Bachelor's degree,4-6 years,2= Disagree,3= Neutral,3= Neutral,1=  Strongly Disagree,2= Disagree,2= Disagree,1=  Strongly Disagree,1=  Strongly Disagree,2= Disagree,2= Disagree,2= Disagree,1=  Strongly Disagree,2= Disagree,2= Disagree,2= Disagree,2= Disagree,2= Disagree,2= Disagree,2= Disagree,2= Disagree,3= Neutral,,2= Disagree,1=  Strongly Disagree,2= Disagree,2= Disagree
5/8/2026 3:06:30,"No, I don't agree",2 = Disagree,Medium (51–250 employees),Female,40-50,Master's degree,7-10 years,3= Neutral,3= Neutral,3= Neutral,2= Disagree,2= Disagree,3= Neutral,3= Neutral,3= Neutral,2= Disagree,3= Neutral,3= Neutral,3= Neutral,3= Neutral,3= Neutral,3= Neutral,2= Disagree,3= Neutral,3= Neutral,3= Neutral,3= Neutral,2= Disagree,,2= Disagree,3= Neutral,3= Neutral,3= Neutral
5/8/2026 3:07:46,"Yes, I agree",3 = Neutral,Medium (51–250 employees),Male,30-40,Master's degree,7-10 years,3= Neutral,3= Neutral,3= Neutral,3= Neutral,3= Neutral,3= Neutral,3= Neutral,3= Neutral,3= Neutral,3= Neutral,3= Neutral,3= Neutral,3= Neutral,3= Neutral,3= Neutral,2= Disagree,3= Neutral,3= Neutral,3= Neutral,3= Neutral,3= Neutral,,2= Disagree,2= Disagree,1=  Strongly Disagree,2= Disagree
5/8/2026 3:09:04,"No, I don't agree",2 = Disagree,Medium (51–250 employees),Male,40-50,Master's degree,4-6 years,2= Disagree,2= Disagree,2= Disagree,3= Neutral,3= Neutral,2= Disagree,2= Disagree,2= Disagree,2= Disagree,3= Neutral,3= Neutral,3= Neutral,3= Neutral,2= Disagree,2= Disagree,3= Neutral,3= Neutral,1=  Strongly Disagree,3= Neutral,3= Neutral,2= Disagree,,2= Disagree,3= Neutral,3= Neutral,3= Neutral
5/8/2026 3:10:14,"Yes, I agree",4 = Agree,Medium (51–250 employees),Female,40-50,Bachelor's degree,1-3 years,1=  Strongly Disagree,3= Neutral,3= Neutral,3= Neutral,2= Disagree,3= Neutral,3= Neutral,3= Neutral,1=  Strongly Disagree,2= Disagree,2= Disagree,2= Disagree,3= Neutral,2= Disagree,2= Disagree,2= Disagree,3= Neutral,2= Disagree,2= Disagree,2= Disagree,2= Disagree,,2= Disagree,2= Disagree,1=  Strongly Disagree,1=  Strongly Disagree
5/8/2026 3:10:15,"Yes, I agree",2 = Disagree,Medium (51–250 employees),Female,30-40,Bachelor's degree,4-6 years,2= Disagree,3= Neutral,3= Neutral,3= Neutral,3= Neutral,2= Disagree,3= Neutral,3= Neutral,1=  Strongly Disagree,3= Neutral,2= Disagree,3= Neutral,2= Disagree,3= Neutral,3= Neutral,2= Disagree,3= Neutral,3= Neutral,2= Disagree,2= Disagree,3= Neutral,,3= Neutral,3= Neutral,3= Neutral,2= Disagree
5/8/2026 3:11:16,"Yes, I agree",1=  Strongly Disagree,Small (1–50 employees),Female,40-50,Master's degree,4-6 years,2= Disagree,3= Neutral,3= Neutral,3= Neutral,2= Disagree,3= Neutral,3= Neutral,3= Neutral,3= Neutral,3= Neutral,3= Neutral,3= Neutral,3= Neutral,3= Neutral,2= Disagree,2= Disagree,3= Neutral,3= Neutral,3= Neutral,3= Neutral,3= Neutral,,2= Disagree,3= Neutral,2= Disagree,2= Disagree
5/8/2026 3:15:29,"Yes, I agree",3 = Neutral,Medium (51–250 employees),Male,30-40,Bachelor's degree,4-6 years,3= Neutral,3= Neutral,3= Neutral,3= Neutral,2= Disagree,3= Neutral,3= Neutral,3= Neutral,3= Neutral,3= Neutral,3= Neutral,3= Neutral,3= Neutral,3= Neutral,3= Neutral,3= Neutral,3= Neutral,3= Neutral,3= Neutral,3= Neutral,3= Neutral,,3= Neutral,3= Neutral,3= Neutral,3= Neutral
5/8/2026 3:16:52,"Yes, I agree",2 = Disagree,Medium (51–250 employees),Female,30-40,Bachelor's degree,4-6 years,3= Neutral,3= Neutral,1=  Strongly Disagree,2= Disagree,2= Disagree,2= Disagree,3= Neutral,3= Neutral,2= Disagree,3= Neutral,2= Disagree,3= Neutral,3= Neutral,3= Neutral,3= Neutral,3= Neutral,3= Neutral,2= Disagree,3= Neutral,3= Neutral,3= Neutral,,3= Neutral,3= Neutral,3= Neutral,3= Neutral
5/8/2026 3:18:01,"Yes, I agree",2 = Disagree,Medium (51–250 employees),Male,40-50,Master's degree,4-6 years,2= Disagree,2= Disagree,3= Neutral,3= Neutral,3= Neutral,3= Neutral,3= Neutral,3= Neutral,3= Neutral,3= Neutral,3= Neutral,3= Neutral,3= Neutral,3= Neutral,2= Disagree,3= Neutral,3= Neutral,3= Neutral,3= Neutral,3= Neutral,3= Neutral,,3= Neutral,3= Neutral,3= Neutral,3= Neutral
5/8/2026 3:18:31,"Yes, I agree",5 = Strongly Agree,Medium (51–250 employees),Male,30-40,Master's degree,7-10 years,4 = Agree,5= Strongly Agree,4 = Agree,5= Strongly Agree,5= Strongly Agree,4 = Agree,4 = Agree,4 = Agree,5= Strongly Agree,4 = Agree,1=  Strongly Disagree,2= Disagree,4 = Agree,4 = Agree,4 = Agree,1=  Strongly Disagree,4 = Agree,4 = Agree,2= Disagree,4 = Agree,4 = Agree,,4 = Agree,4 = Agree,4 = Agree,4 = Agree
5/8/2026 3:19:15,"Yes, I agree",2 = Disagree,Medium (51–250 employees),Female,40-50,Master's degree,4-6 years,2= Disagree,2= Disagree,3= Neutral,3= Neutral,3= Neutral,3= Neutral,3= Neutral,3= Neutral,3= Neutral,2= Disagree,2= Disagree,3= Neutral,2= Disagree,2= Disagree,2= Disagree,3= Neutral,2= Disagree,2= Disagree,3= Neutral,3= Neutral,3= Neutral,,3= Neutral,2= Disagree,2= Disagree,3= Neutral
5/8/2026 3:20:06,"Yes, I agree",4 = Agree,Medium (51–250 employees),Male,30-40,Master's degree,7-10 years,1=  Strongly Disagree,1=  Strongly Disagree,1=  Strongly Disagree,1=  Strongly Disagree,1=  Strongly Disagree,1=  Strongly Disagree,1=  Strongly Disagree,1=  Strongly Disagree,1=  Strongly Disagree,1=  Strongly Disagree,1=  Strongly Disagree,1=  Strongly Disagree,1=  Strongly Disagree,1=  Strongly Disagree,1=  Strongly Disagree,1=  Strongly Disagree,1=  Strongly Disagree,1=  Strongly Disagree,1=  Strongly Disagree,1=  Strongly Disagree,1=  Strongly Disagree,,1=  Strongly Disagree,1=  Strongly Disagree,1=  Strongly Disagree,1=  Strongly Disagree
5/8/2026 3:20:33,"Yes, I agree",2 = Disagree,Medium (51–250 employees),Female,40-50,Bachelor's degree,4-6 years,2= Disagree,2= Disagree,2= Disagree,2= Disagree,3= Neutral,3= Neutral,3= Neutral,3= Neutral,3= Neutral,2= Disagree,2= Disagree,2= Disagree,2= Disagree,2= Disagree,2= Disagree,2= Disagree,2= Disagree,3= Neutral,3= Neutral,3= Neutral,2= Disagree,,3= Neutral,3= Neutral,2= Disagree,3= Neutral
5/8/2026 3:21:23,"Yes, I agree",4 = Agree,Medium (51–250 employees),Female,30-40,Bachelor's degree,4-6 years,1=  Strongly Disagree,1=  Strongly Disagree,1=  Strongly Disagree,1=  Strongly Disagree,1=  Strongly Disagree,1=  Strongly Disagree,1=  Strongly Disagree,1=  Strongly Disagree,1=  Strongly Disagree,1=  Strongly Disagree,1=  Strongly Disagree,1=  Strongly Disagree,1=  Strongly Disagree,1=  Strongly Disagree,1=  Strongly Disagree,1=  Strongly Disagree,1=  Strongly Disagree,1=  Strongly Disagree,1=  Strongly Disagree,1=  Strongly Disagree,1=  Strongly Disagree,,1=  Strongly Disagree,1=  Strongly Disagree,4 = Agree,4 = Agree
5/8/2026 3:21:55,"Yes, I agree",1=  Strongly Disagree,Medium (51–250 employees),Female,40-50,Master's degree,4-6 years,2= Disagree,3= Neutral,2= Disagree,2= Disagree,2= Disagree,3= Neutral,2= Disagree,2= Disagree,3= Neutral,2= Disagree,3= Neutral,2= Disagree,3= Neutral,3= Neutral,3= Neutral,2= Disagree,2= Disagree,3= Neutral,3= Neutral,3= Neutral,3= Neutral,,3= Neutral,3= Neutral,3= Neutral,3= Neutral